Name,Category,TotalStake,EffectiveStake,MEV_Earned,Address
Whale_0,Whale,2048,2048,0.0,0x90F8bf6A479f320ead074411a4B0e7944Ea8c9C1
Whale_1,Whale,2048,2048,0.0,0x90F8bf6A479f320ead074411a4B0e7944Ea8c9C1
Whale_2,Whale,2048,2048,0.0,0x90F8bf6A479f320ead074411a4B0e7944Ea8c9C1
Shark_0,Shark,1024,1024,0.0,0x90F8bf6A479f320ead074411a4B0e7944Ea8c9C1
Shark_1,Shark,1024,1024,0.0,0x90F8bf6A479f320ead074411a4B0e7944Ea8c9C1
Shark_2,Shark,1024,1024,0.0,0x90F8bf6A479f320ead074411a4B0e7944Ea8c9C1
Shark_3,Shark,1024,1024,0.0,0x90F8bf6A479f320ead074411a4B0e7944Ea8c9C1
Shark_4,Shark,1024,1024,0.0,0x90F8bf6A479f320ead074411a4B0e7944Ea8c9C1
Dolphin_0,Dolphin,512,512,0.0,0x90F8bf6A479f320ead074411a4B0e7944Ea8c9C1
Dolphin_1,Dolphin,512,512,0.0,0x90F8bf6A479f320ead074411a4B0e7944Ea8c9C1
Dolphin_2,Dolphin,512,512,0.0,0x90F8bf6A479f320ead074411a4B0e7944Ea8c9C1
Dolphin_3,Dolphin,512,512,0.0,0x90F8bf6A479f320ead074411a4B0e7944Ea8c9C1
Dolphin_4,Dolphin,512,512,0.0,0x90F8bf6A479f320ead074411a4B0e7944Ea8c9C1
Dolphin_5,Dolphin,512,512,0.0,0x90F8bf6A479f320ead074411a4B0e7944Ea8c9C1
Dolphin_6,Dolphin,512,512,0.0,0x90F8bf6A479f320ead074411a4B0e7944Ea8c9C1
Dolphin_7,Dolphin,512,512,0.0,0x90F8bf6A479f320ead074411a4B0e7944Ea8c9C1
Fish_0,Fish,256,256,0.0,0x90F8bf6A479f320ead074411a4B0e7944Ea8c9C1
Fish_1,Fish,256,256,0.0,0x90F8bf6A479f320ead074411a4B0e7944Ea8c9C1
Fish_2,Fish,256,256,0.0,0x90F8bf6A479f320ead074411a4B0e7944Ea8c9C1
Fish_3,Fish,256,256,0.0,0x90F8bf6A479f320ead074411a4B0e7944Ea8c9C1
Fish_4,Fish,256,256,0.0,0x90F8bf6A479f320ead074411a4B0e7944Ea8c9C1
Fish_5,Fish,256,256,0.0,0x90F8bf6A479f320ead074411a4B0e7944Ea8c9C1
Fish_6,Fish,256,256,0.0,0x90F8bf6A479f320ead074411a4B0e7944Ea8c9C1
Fish_7,Fish,256,256,0.0,0x90F8bf6A479f320ead074411a4B0e7944Ea8c9C1
Fish_8,Fish,256,256,0.0,0x90F8bf6A479f320ead074411a4B0e7944Ea8c9C1
Fish_9,Fish,256,256,0.0,0x90F8bf6A479f320ead074411a4B0e7944Ea8c9C1
Fish_10,Fish,256,256,0.0,0x90F8bf6A479f320ead074411a4B0e7944Ea8c9C1
Fish_11,Fish,256,256,0.0,0x90F8bf6A479f320ead074411a4B0e7944Ea8c9C1
Fish_12,Fish,256,256,0.0,0x90F8bf6A479f320ead074411a4B0e7944Ea8c9C1
Octopus_0,Octopus,128,128,0.0,0x90F8bf6A479f320ead074411a4B0e7944Ea8c9C1
Octopus_1,Octopus,128,128,0.0,0x90F8bf6A479f320ead074411a4B0e7944Ea8c9C1
Octopus_2,Octopus,128,128,0.0,0x90F8bf6A479f320ead074411a4B0e7944Ea8c9C1
Octopus_3,Octopus,128,128,0.0,0x90F8bf6A479f320ead074411a4B0e7944Ea8c9C1
Octopus_4,Octopus,128,128,0.0,0x90F8bf6A479f320ead074411a4B0e7944Ea8c9C1
Octopus_5,Octopus,128,128,0.0,0x90F8bf6A479f320ead074411a4B0e7944Ea8c9C1
Octopus_6,Octopus,128,128,0.0,0x90F8bf6A479f320ead074411a4B0e7944Ea8c9C1
Octopus_7,Octopus,128,128,0.0,0x90F8bf6A479f320ead074411a4B0e7944Ea8c9C1
Octopus_8,Octopus,128,128,0.0,0x90F8bf6A479f320ead074411a4B0e7944Ea8c9C1
Octopus_9,Octopus,128,128,0.0,0x90F8bf6A479f320ead074411a4B0e7944Ea8c9C1
Octopus_10,Octopus,128,128,0.0,0x90F8bf6A479f320ead074411a4B0e7944Ea8c9C1
Octopus_11,Octopus,128,128,0.0,0x90F8bf6A479f320ead074411a4B0e7944Ea8c9C1
Octopus_12,Octopus,128,128,0.0,0x90F8bf6A479f320ead074411a4B0e7944Ea8c9C1
Octopus_13,Octopus,128,128,0.0,0x90F8bf6A479f320ead074411a4B0e7944Ea8c9C1
Octopus_14,Octopus,128,128,0.0,0x90F8bf6A479f320ead074411a4B0e7944Ea8c9C1
Octopus_15,Octopus,128,128,0.0,0x90F8bf6A479f320ead074411a4B0e7944Ea8c9C1
Octopus_16,Octopus,128,128,0.0,0x90F8bf6A479f320ead074411a4B0e7944Ea8c9C1
Octopus_17,Octopus,128,128,0.0,0x90F8bf6A479f320ead074411a4B0e7944Ea8c9C1
Octopus_18,Octopus,128,128,0.0,0x90F8bf6A479f320ead074411a4B0e7944Ea8c9C1
Octopus_19,Octopus,128,128,0.0,0x90F8bf6A479f320ead074411a4B0e7944Ea8c9C1
Octopus_20,Octopus,128,128,0.0,0x90F8bf6A479f320ead074411a4B0e7944Ea8c9C1
Crab_0,Crab,32,32,0.0,0x90F8bf6A479f320ead074411a4B0e7944Ea8c9C1
Crab_1,Crab,32,32,0.0,0x90F8bf6A479f320ead074411a4B0e7944Ea8c9C1
Crab_2,Crab,32,32,0.0,0x90F8bf6A479f320ead074411a4B0e7944Ea8c9C1
Crab_3,Crab,32,32,0.0,0x90F8bf6A479f320ead074411a4B0e7944Ea8c9C1
Crab_4,Crab,32,32,0.0,0x90F8bf6A479f320ead074411a4B0e7944Ea8c9C1
Crab_5,Crab,32,32,0.0,0x90F8bf6A479f320ead074411a4B0e7944Ea8c9C1
Crab_6,Crab,32,32,0.0,0x90F8bf6A479f320ead074411a4B0e7944Ea8c9C1
Crab_7,Crab,32,32,0.0,0x90F8bf6A479f320ead074411a4B0e7944Ea8c9C1
Crab_8,Crab,32,32,0.0,0x90F8bf6A479f320ead074411a4B0e7944Ea8c9C1
Crab_9,Crab,32,32,0.0,0x90F8bf6A479f320ead074411a4B0e7944Ea8c9C1
Crab_10,Crab,32,32,0.0,0x90F8bf6A479f320ead074411a4B0e7944Ea8c9C1
Crab_11,Crab,32,32,0.0,0x90F8bf6A479f320ead074411a4B0e7944Ea8c9C1
Crab_12,Crab,32,32,0.0,0x90F8bf6A479f320ead074411a4B0e7944Ea8c9C1
Crab_13,Crab,32,32,0.0,0x90F8bf6A479f320ead074411a4B0e7944Ea8c9C1
Crab_14,Crab,32,32,0.0,0x90F8bf6A479f320ead074411a4B0e7944Ea8c9C1
Crab_15,Crab,32,32,0.0,0x90F8bf6A479f320ead074411a4B0e7944Ea8c9C1
Crab_16,Crab,32,32,0.0,0x90F8bf6A479f320ead074411a4B0e7944Ea8c9C1
Crab_17,Crab,32,32,0.0,0x90F8bf6A479f320ead074411a4B0e7944Ea8c9C1
Crab_18,Crab,32,32,0.0,0x90F8bf6A479f320ead074411a4B0e7944Ea8c9C1
Crab_19,Crab,32,32,0.0,0x90F8bf6A479f320ead074411a4B0e7944Ea8c9C1
Crab_20,Crab,32,32,0.0,0x90F8bf6A479f320ead074411a4B0e7944Ea8c9C1
Crab_21,Crab,32,32,0.0,0x90F8bf6A479f320ead074411a4B0e7944Ea8c9C1
Crab_22,Crab,32,32,0.0,0x90F8bf6A479f320ead074411a4B0e7944Ea8c9C1
Crab_23,Crab,32,32,0.0,0x90F8bf6A479f320ead074411a4B0e7944Ea8c9C1
Crab_24,Crab,32,32,0.0,0x90F8bf6A479f320ead074411a4B0e7944Ea8c9C1
Crab_25,Crab,32,32,0.0,0x90F8bf6A479f320ead074411a4B0e7944Ea8c9C1
Crab_26,Crab,32,32,0.0,0x90F8bf6A479f320ead074411a4B0e7944Ea8c9C1
Crab_27,Crab,32,32,0.0,0x90F8bf6A479f320ead074411a4B0e7944Ea8c9C1
Crab_28,Crab,32,32,0.0,0x90F8bf6A479f320ead074411a4B0e7944Ea8c9C1
Crab_29,Crab,32,32,0.0,0x90F8bf6A479f320ead074411a4B0e7944Ea8c9C1
Crab_30,Crab,32,32,0.0,0x90F8bf6A479f320ead074411a4B0e7944Ea8c9C1
Crab_31,Crab,32,32,0.0,0x90F8bf6A479f320ead074411a4B0e7944Ea8c9C1
Crab_32,Crab,32,32,0.0,0x90F8bf6A479f320ead074411a4B0e7944Ea8c9C1
Crab_33,Crab,32,32,0.0,0x90F8bf6A479f320ead074411a4B0e7944Ea8c9C1
Account_0,Account,171,171,0.0,0x90F8bf6A479f320ead074411a4B0e7944Ea8c9C1
Account_1,Account,37,37,0.0,0x90F8bf6A479f320ead074411a4B0e7944Ea8c9C1
Account_2,Account,308,308,0.0,0x90F8bf6A479f320ead074411a4B0e7944Ea8c9C1
Account_3,Account,230,230,0.0,0x90F8bf6A479f320ead074411a4B0e7944Ea8c9C1
Account_4,Account,127,127,0.0,0x90F8bf6A479f320ead074411a4B0e7944Ea8c9C1
Account_5,Account,98,98,0.0,0x90F8bf6A479f320ead074411a4B0e7944Ea8c9C1
Account_6,Account,306,306,0.0,0x90F8bf6A479f320ead074411a4B0e7944Ea8c9C1
Account_7,Account,59,59,0.0,0x90F8bf6A479f320ead074411a4B0e7944Ea8c9C1
Account_8,Account,59,59,0.0,0x90F8bf6A479f320ead074411a4B0e7944Ea8c9C1
Account_9,Account,72,72,0.0,0x90F8bf6A479f320ead074411a4B0e7944Ea8c9C1
Account_10,Account,108,108,0.0,0x90F8bf6A479f320ead074411a4B0e7944Ea8c9C1
Account_11,Account,184,184,0.0,0x90F8bf6A479f320ead074411a4B0e7944Ea8c9C1
Account_12,Account,268,268,0.0,0x90F8bf6A479f320ead074411a4B0e7944Ea8c9C1
Account_13,Account,183,183,0.0,0x90F8bf6A479f320ead074411a4B0e7944Ea8c9C1
Account_14,Account,196,196,0.0,0x90F8bf6A479f320ead074411a4B0e7944Ea8c9C1
Account_15,Account,223,223,0.0,0x90F8bf6A479f320ead074411a4B0e7944Ea8c9C1
Account_16,Account,0,0,0.0,0x90F8bf6A479f320ead074411a4B0e7944Ea8c9C1
Account_17,Account,382,382,0.0,0x90F8bf6A479f320ead074411a4B0e7944Ea8c9C1
Account_18,Account,187,187,0.0,0x90F8bf6A479f320ead074411a4B0e7944Ea8c9C1
Account_19,Account,109,109,0.0,0x90F8bf6A479f320ead074411a4B0e7944Ea8c9C1
Account_20,Account,46,46,0.0,0x90F8bf6A479f320ead074411a4B0e7944Ea8c9C1
Account_21,Account,270,270,0.0,0x90F8bf6A479f320ead074411a4B0e7944Ea8c9C1
Account_22,Account,34,34,0.0,0x90F8bf6A479f320ead074411a4B0e7944Ea8c9C1
Account_23,Account,84,84,0.0,0x90F8bf6A479f320ead074411a4B0e7944Ea8c9C1
Account_24,Account,182,182,0.0,0x90F8bf6A479f320ead074411a4B0e7944Ea8c9C1
Account_25,Account,254,254,0.0,0x90F8bf6A479f320ead074411a4B0e7944Ea8c9C1
Account_26,Account,445,445,0.0,0x90F8bf6A479f320ead074411a4B0e7944Ea8c9C1
Account_27,Account,78,78,0.0,0x90F8bf6A479f320ead074411a4B0e7944Ea8c9C1
Account_28,Account,126,126,0.0,0x90F8bf6A479f320ead074411a4B0e7944Ea8c9C1
Account_29,Account,265,265,0.0,0x90F8bf6A479f320ead074411a4B0e7944Ea8c9C1
Account_30,Account,125,125,0.0,0x90F8bf6A479f320ead074411a4B0e7944Ea8c9C1
Account_31,Account,107,107,0.0,0x90F8bf6A479f320ead074411a4B0e7944Ea8c9C1
Account_32,Account,132,132,0.0,0x90F8bf6A479f320ead074411a4B0e7944Ea8c9C1
Account_33,Account,209,209,0.0,0x90F8bf6A479f320ead074411a4B0e7944Ea8c9C1
Account_34,Account,198,198,0.0,0x90F8bf6A479f320ead074411a4B0e7944Ea8c9C1
Account_35,Account,174,174,0.0,0x90F8bf6A479f320ead074411a4B0e7944Ea8c9C1
Account_36,Account,289,289,0.0,0x90F8bf6A479f320ead074411a4B0e7944Ea8c9C1
Account_37,Account,173,173,0.0,0x90F8bf6A479f320ead074411a4B0e7944Ea8c9C1
Account_38,Account,206,206,0.0,0x90F8bf6A479f320ead074411a4B0e7944Ea8c9C1
Account_39,Account,211,211,0.0,0x90F8bf6A479f320ead074411a4B0e7944Ea8c9C1
Account_40,Account,228,228,0.0,0x90F8bf6A479f320ead074411a4B0e7944Ea8c9C1
Account_41,Account,200,200,0.0,0x90F8bf6A479f320ead074411a4B0e7944Ea8c9C1
Account_42,Account,288,288,0.0,0x90F8bf6A479f320ead074411a4B0e7944Ea8c9C1
Account_43,Account,220,220,0.0,0x90F8bf6A479f320ead074411a4B0e7944Ea8c9C1
Account_44,Account,126,126,0.0,0x90F8bf6A479f320ead074411a4B0e7944Ea8c9C1
Account_45,Account,302,302,0.0,0x90F8bf6A479f320ead074411a4B0e7944Ea8c9C1
Account_46,Account,202,202,0.0,0x90F8bf6A479f320ead074411a4B0e7944Ea8c9C1
Account_47,Account,254,254,0.0,0x90F8bf6A479f320ead074411a4B0e7944Ea8c9C1
Account_48,Account,243,243,0.0,0x90F8bf6A479f320ead074411a4B0e7944Ea8c9C1
Account_49,Account,151,151,0.0,0x90F8bf6A479f320ead074411a4B0e7944Ea8c9C1
Account_50,Account,23,23,0.0,0x90F8bf6A479f320ead074411a4B0e7944Ea8c9C1
Account_51,Account,120,120,0.0,0x90F8bf6A479f320ead074411a4B0e7944Ea8c9C1
Account_52,Account,256,256,0.0,0x90F8bf6A479f320ead074411a4B0e7944Ea8c9C1
Account_53,Account,167,167,0.0,0x90F8bf6A479f320ead074411a4B0e7944Ea8c9C1
Account_54,Account,401,401,0.0,0x90F8bf6A479f320ead074411a4B0e7944Ea8c9C1
Account_55,Account,164,164,0.0,0x90F8bf6A479f320ead074411a4B0e7944Ea8c9C1
Account_56,Account,263,263,0.0,0x90F8bf6A479f320ead074411a4B0e7944Ea8c9C1
Account_57,Account,144,144,0.0,0x90F8bf6A479f320ead074411a4B0e7944Ea8c9C1
Account_58,Account,307,307,0.0,0x90F8bf6A479f320ead074411a4B0e7944Ea8c9C1
Account_59,Account,167,167,0.0,0x90F8bf6A479f320ead074411a4B0e7944Ea8c9C1
Account_60,Account,86,86,0.0,0x90F8bf6A479f320ead074411a4B0e7944Ea8c9C1
Account_61,Account,184,184,0.0,0x90F8bf6A479f320ead074411a4B0e7944Ea8c9C1
Account_62,Account,223,223,0.0,0x90F8bf6A479f320ead074411a4B0e7944Ea8c9C1
Account_63,Account,160,160,0.0,0x90F8bf6A479f320ead074411a4B0e7944Ea8c9C1
Account_64,Account,414,414,0.0,0x90F8bf6A479f320ead074411a4B0e7944Ea8c9C1
Account_65,Account,330,330,0.0,0x90F8bf6A479f320ead074411a4B0e7944Ea8c9C1
Account_66,Account,218,218,0.0,0x90F8bf6A479f320ead074411a4B0e7944Ea8c9C1
Account_67,Account,231,231,0.0,0x90F8bf6A479f320ead074411a4B0e7944Ea8c9C1
Account_68,Account,242,242,0.0,0x90F8bf6A479f320ead074411a4B0e7944Ea8c9C1
Account_69,Account,157,157,0.0,0x90F8bf6A479f320ead074411a4B0e7944Ea8c9C1
Account_70,Account,257,257,0.0,0x90F8bf6A479f320ead074411a4B0e7944Ea8c9C1
Account_71,Account,146,146,0.0,0x90F8bf6A479f320ead074411a4B0e7944Ea8c9C1
Account_72,Account,126,126,0.0,0x90F8bf6A479f320ead074411a4B0e7944Ea8c9C1
Account_73,Account,308,308,0.0,0x90F8bf6A479f320ead074411a4B0e7944Ea8c9C1
Account_74,Account,126,126,0.0,0x90F8bf6A479f320ead074411a4B0e7944Ea8c9C1
Account_75,Account,181,181,0.0,0x90F8bf6A479f320ead074411a4B0e7944Ea8c9C1
Account_76,Account,206,206,0.0,0x90F8bf6A479f320ead074411a4B0e7944Ea8c9C1
Account_77,Account,268,268,0.0,0x90F8bf6A479f320ead074411a4B0e7944Ea8c9C1
Account_78,Account,435,435,0.0,0x90F8bf6A479f320ead074411a4B0e7944Ea8c9C1
Account_79,Account,315,315,0.0,0x90F8bf6A479f320ead074411a4B0e7944Ea8c9C1
Account_80,Account,283,283,0.0,0x90F8bf6A479f320ead074411a4B0e7944Ea8c9C1
Account_81,Account,0,0,0.0,0x90F8bf6A479f320ead074411a4B0e7944Ea8c9C1
Account_82,Account,211,211,0.0,0x90F8bf6A479f320ead074411a4B0e7944Ea8c9C1
Account_83,Account,123,123,0.0,0x90F8bf6A479f320ead074411a4B0e7944Ea8c9C1
Account_84,Account,130,130,0.0,0x90F8bf6A479f320ead074411a4B0e7944Ea8c9C1
Account_85,Account,167,167,0.0,0x90F8bf6A479f320ead074411a4B0e7944Ea8c9C1
Account_86,Account,211,211,0.0,0x90F8bf6A479f320ead074411a4B0e7944Ea8c9C1
Account_87,Account,261,261,0.0,0x90F8bf6A479f320ead074411a4B0e7944Ea8c9C1
Account_88,Account,58,58,0.0,0x90F8bf6A479f320ead074411a4B0e7944Ea8c9C1
Account_89,Account,305,305,0.0,0x90F8bf6A479f320ead074411a4B0e7944Ea8c9C1
Account_90,Account,304,304,0.0,0x90F8bf6A479f320ead074411a4B0e7944Ea8c9C1
Account_91,Account,244,244,0.0,0x90F8bf6A479f320ead074411a4B0e7944Ea8c9C1
Account_92,Account,243,243,0.0,0x90F8bf6A479f320ead074411a4B0e7944Ea8c9C1
Account_93,Account,250,250,0.0,0x90F8bf6A479f320ead074411a4B0e7944Ea8c9C1
Account_94,Account,269,269,0.0,0x90F8bf6A479f320ead074411a4B0e7944Ea8c9C1
Account_95,Account,198,198,0.0,0x90F8bf6A479f320ead074411a4B0e7944Ea8c9C1
Account_96,Account,124,124,0.0,0x90F8bf6A479f320ead074411a4B0e7944Ea8c9C1
Account_97,Account,154,154,0.0,0x90F8bf6A479f320ead074411a4B0e7944Ea8c9C1
Account_98,Account,68,68,0.0,0x90F8bf6A479f320ead074411a4B0e7944Ea8c9C1
Account_99,Account,173,173,0.0,0x90F8bf6A479f320ead074411a4B0e7944Ea8c9C1
Account_100,Account,107,107,0.0,0x90F8bf6A479f320ead074411a4B0e7944Ea8c9C1
Account_101,Account,334,334,0.0,0x90F8bf6A479f320ead074411a4B0e7944Ea8c9C1
Account_102,Account,171,171,0.0,0x90F8bf6A479f320ead074411a4B0e7944Ea8c9C1
Account_103,Account,190,190,0.0,0x90F8bf6A479f320ead074411a4B0e7944Ea8c9C1
Account_104,Account,236,236,0.0,0x90F8bf6A479f320ead074411a4B0e7944Ea8c9C1
Account_105,Account,19,19,0.0,0x90F8bf6A479f320ead074411a4B0e7944Ea8c9C1
Account_106,Account,183,183,0.0,0x90F8bf6A479f320ead074411a4B0e7944Ea8c9C1
Account_107,Account,371,371,0.0,0x90F8bf6A479f320ead074411a4B0e7944Ea8c9C1
Account_108,Account,298,298,0.0,0x90F8bf6A479f320ead074411a4B0e7944Ea8c9C1
Account_109,Account,190,190,0.0,0x90F8bf6A479f320ead074411a4B0e7944Ea8c9C1
Account_110,Account,236,236,0.0,0x90F8bf6A479f320ead074411a4B0e7944Ea8c9C1
Account_111,Account,0,0,0.0,0x90F8bf6A479f320ead074411a4B0e7944Ea8c9C1
Account_112,Account,344,344,0.0,0x90F8bf6A479f320ead074411a4B0e7944Ea8c9C1
Account_113,Account,70,70,0.0,0x90F8bf6A479f320ead074411a4B0e7944Ea8c9C1
Account_114,Account,131,131,0.0,0x90F8bf6A479f320ead074411a4B0e7944Ea8c9C1
Account_115,Account,295,295,0.0,0x90F8bf6A479f320ead074411a4B0e7944Ea8c9C1
Account_116,Account,76,76,0.0,0x90F8bf6A479f320ead074411a4B0e7944Ea8c9C1
Account_117,Account,270,270,0.0,0x90F8bf6A479f320ead074411a4B0e7944Ea8c9C1
Account_118,Account,18,18,0.0,0x90F8bf6A479f320ead074411a4B0e7944Ea8c9C1
Account_119,Account,459,459,0.0,0x90F8bf6A479f320ead074411a4B0e7944Ea8c9C1
Account_120,Account,228,228,0.0,0x90F8bf6A479f320ead074411a4B0e7944Ea8c9C1
Account_121,Account,193,193,0.0,0x90F8bf6A479f320ead074411a4B0e7944Ea8c9C1
Account_122,Account,140,140,0.0,0x90F8bf6A479f320ead074411a4B0e7944Ea8c9C1
Account_123,Account,245,245,0.0,0x90F8bf6A479f320ead074411a4B0e7944Ea8c9C1
Account_124,Account,202,202,0.0,0x90F8bf6A479f320ead074411a4B0e7944Ea8c9C1
Account_125,Account,84,84,0.0,0x90F8bf6A479f320ead074411a4B0e7944Ea8c9C1
Account_126,Account,204,204,0.0,0x90F8bf6A479f320ead074411a4B0e7944Ea8c9C1
Account_127,Account,0,0,0.0,0x90F8bf6A479f320ead074411a4B0e7944Ea8c9C1
Account_128,Account,260,260,0.0,0x90F8bf6A479f320ead074411a4B0e7944Ea8c9C1
Account_129,Account,126,126,0.0,0x90F8bf6A479f320ead074411a4B0e7944Ea8c9C1
Account_130,Account,216,216,0.0,0x90F8bf6A479f320ead074411a4B0e7944Ea8c9C1
Account_131,Account,39,39,0.0,0x90F8bf6A479f320ead074411a4B0e7944Ea8c9C1
Account_132,Account,215,215,0.0,0x90F8bf6A479f320ead074411a4B0e7944Ea8c9C1
Account_133,Account,110,110,0.0,0x90F8bf6A479f320ead074411a4B0e7944Ea8c9C1
Account_134,Account,295,295,0.0,0x90F8bf6A479f320ead074411a4B0e7944Ea8c9C1
Account_135,Account,249,249,0.0,0x90F8bf6A479f320ead074411a4B0e7944Ea8c9C1
Account_136,Account,265,265,0.0,0x90F8bf6A479f320ead074411a4B0e7944Ea8c9C1
Account_137,Account,398,398,0.0,0x90F8bf6A479f320ead074411a4B0e7944Ea8c9C1
Account_138,Account,325,325,0.0,0x90F8bf6A479f320ead074411a4B0e7944Ea8c9C1
Account_139,Account,214,214,0.0,0x90F8bf6A479f320ead074411a4B0e7944Ea8c9C1
Account_140,Account,0,0,0.0,0x90F8bf6A479f320ead074411a4B0e7944Ea8c9C1
Account_141,Account,0,0,0.0,0x90F8bf6A479f320ead074411a4B0e7944Ea8c9C1
Account_142,Account,156,156,0.0,0x90F8bf6A479f320ead074411a4B0e7944Ea8c9C1
Account_143,Account,215,215,0.0,0x90F8bf6A479f320ead074411a4B0e7944Ea8c9C1
Account_144,Account,258,258,0.0,0x90F8bf6A479f320ead074411a4B0e7944Ea8c9C1
Account_145,Account,323,323,0.0,0x90F8bf6A479f320ead074411a4B0e7944Ea8c9C1
Account_146,Account,79,79,0.0,0x90F8bf6A479f320ead074411a4B0e7944Ea8c9C1
Account_147,Account,105,105,0.0,0x90F8bf6A479f320ead074411a4B0e7944Ea8c9C1
Account_148,Account,447,447,0.0,0x90F8bf6A479f320ead074411a4B0e7944Ea8c9C1
Account_149,Account,221,221,0.0,0x90F8bf6A479f320ead074411a4B0e7944Ea8c9C1
Account_150,Account,157,157,0.0,0x90F8bf6A479f320ead074411a4B0e7944Ea8c9C1
Account_151,Account,238,238,0.0,0x90F8bf6A479f320ead074411a4B0e7944Ea8c9C1
Account_152,Account,31,31,0.0,0x90F8bf6A479f320ead074411a4B0e7944Ea8c9C1
Account_153,Account,397,397,0.0,0x90F8bf6A479f320ead074411a4B0e7944Ea8c9C1
Account_154,Account,301,301,0.0,0x90F8bf6A479f320ead074411a4B0e7944Ea8c9C1
Account_155,Account,261,261,0.0,0x90F8bf6A479f320ead074411a4B0e7944Ea8c9C1
Account_156,Account,270,270,0.0,0x90F8bf6A479f320ead074411a4B0e7944Ea8c9C1
Account_157,Account,259,259,0.0,0x90F8bf6A479f320ead074411a4B0e7944Ea8c9C1
Account_158,Account,138,138,0.0,0x90F8bf6A479f320ead074411a4B0e7944Ea8c9C1
Account_159,Account,333,333,0.0,0x90F8bf6A479f320ead074411a4B0e7944Ea8c9C1
Account_160,Account,115,115,0.0,0x90F8bf6A479f320ead074411a4B0e7944Ea8c9C1
Account_161,Account,332,332,0.0,0x90F8bf6A479f320ead074411a4B0e7944Ea8c9C1
Account_162,Account,258,258,0.0,0x90F8bf6A479f320ead074411a4B0e7944Ea8c9C1
Account_163,Account,186,186,0.0,0x90F8bf6A479f320ead074411a4B0e7944Ea8c9C1
Account_164,Account,294,294,0.0,0x90F8bf6A479f320ead074411a4B0e7944Ea8c9C1
Account_165,Account,370,370,0.0,0x90F8bf6A479f320ead074411a4B0e7944Ea8c9C1
Account_166,Account,215,215,0.0,0x90F8bf6A479f320ead074411a4B0e7944Ea8c9C1
Account_167,Account,20,20,0.0,0x90F8bf6A479f320ead074411a4B0e7944Ea8c9C1
Account_168,Account,245,245,0.0,0x90F8bf6A479f320ead074411a4B0e7944Ea8c9C1
Account_169,Account,181,181,0.0,0x90F8bf6A479f320ead074411a4B0e7944Ea8c9C1
Account_170,Account,30,30,0.0,0x90F8bf6A479f320ead074411a4B0e7944Ea8c9C1
Account_171,Account,266,266,0.0,0x90F8bf6A479f320ead074411a4B0e7944Ea8c9C1
Account_172,Account,139,139,0.0,0x90F8bf6A479f320ead074411a4B0e7944Ea8c9C1
Account_173,Account,51,51,0.0,0x90F8bf6A479f320ead074411a4B0e7944Ea8c9C1
Account_174,Account,244,244,0.0,0x90F8bf6A479f320ead074411a4B0e7944Ea8c9C1
Account_175,Account,150,150,0.0,0x90F8bf6A479f320ead074411a4B0e7944Ea8c9C1
Account_176,Account,105,105,0.0,0x90F8bf6A479f320ead074411a4B0e7944Ea8c9C1
Account_177,Account,36,36,0.0,0x90F8bf6A479f320ead074411a4B0e7944Ea8c9C1
Account_178,Account,328,328,0.0,0x90F8bf6A479f320ead074411a4B0e7944Ea8c9C1
Account_179,Account,231,231,0.28488510990997584,0x90F8bf6A479f320ead074411a4B0e7944Ea8c9C1
Account_180,Account,225,225,0.0,0x90F8bf6A479f320ead074411a4B0e7944Ea8c9C1
Account_181,Account,212,212,0.0,0x90F8bf6A479f320ead074411a4B0e7944Ea8c9C1
Account_182,Account,314,314,0.0,0x90F8bf6A479f320ead074411a4B0e7944Ea8c9C1
Account_183,Account,152,152,0.0,0x90F8bf6A479f320ead074411a4B0e7944Ea8c9C1
Account_184,Account,293,293,0.0,0x90F8bf6A479f320ead074411a4B0e7944Ea8c9C1
Account_185,Account,84,84,0.0,0x90F8bf6A479f320ead074411a4B0e7944Ea8c9C1
Account_186,Account,244,244,0.0,0x90F8bf6A479f320ead074411a4B0e7944Ea8c9C1
Account_187,Account,58,58,0.0,0x90F8bf6A479f320ead074411a4B0e7944Ea8c9C1
Account_188,Account,177,177,0.0,0x90F8bf6A479f320ead074411a4B0e7944Ea8c9C1
Account_189,Account,368,368,0.0,0x90F8bf6A479f320ead074411a4B0e7944Ea8c9C1
Account_190,Account,216,216,0.0,0x90F8bf6A479f320ead074411a4B0e7944Ea8c9C1
Account_191,Account,263,263,0.0,0x90F8bf6A479f320ead074411a4B0e7944Ea8c9C1
Account_192,Account,208,208,0.0,0x90F8bf6A479f320ead074411a4B0e7944Ea8c9C1
Account_193,Account,204,204,0.0,0x90F8bf6A479f320ead074411a4B0e7944Ea8c9C1
Account_194,Account,47,47,0.0,0x90F8bf6A479f320ead074411a4B0e7944Ea8c9C1
Account_195,Account,189,189,0.0,0x90F8bf6A479f320ead074411a4B0e7944Ea8c9C1
Account_196,Account,107,107,0.0,0x90F8bf6A479f320ead074411a4B0e7944Ea8c9C1
Account_197,Account,315,315,0.0,0x90F8bf6A479f320ead074411a4B0e7944Ea8c9C1
Account_198,Account,116,116,0.0,0x90F8bf6A479f320ead074411a4B0e7944Ea8c9C1
Account_199,Account,216,216,0.0,0x90F8bf6A479f320ead074411a4B0e7944Ea8c9C1
Account_200,Account,228,228,0.0,0x90F8bf6A479f320ead074411a4B0e7944Ea8c9C1
Account_201,Account,375,375,0.0,0x90F8bf6A479f320ead074411a4B0e7944Ea8c9C1
Account_202,Account,137,137,0.0,0x90F8bf6A479f320ead074411a4B0e7944Ea8c9C1
Account_203,Account,203,203,0.0,0x90F8bf6A479f320ead074411a4B0e7944Ea8c9C1
Account_204,Account,211,211,0.0,0x90F8bf6A479f320ead074411a4B0e7944Ea8c9C1
Account_205,Account,0,0,0.0,0x90F8bf6A479f320ead074411a4B0e7944Ea8c9C1
Account_206,Account,263,263,0.0,0x90F8bf6A479f320ead074411a4B0e7944Ea8c9C1
Account_207,Account,0,0,0.0,0x90F8bf6A479f320ead074411a4B0e7944Ea8c9C1
Account_208,Account,201,201,0.0,0x90F8bf6A479f320ead074411a4B0e7944Ea8c9C1
Account_209,Account,212,212,0.0,0x90F8bf6A479f320ead074411a4B0e7944Ea8c9C1
Account_210,Account,354,354,0.0,0x90F8bf6A479f320ead074411a4B0e7944Ea8c9C1
Account_211,Account,284,284,0.0,0x90F8bf6A479f320ead074411a4B0e7944Ea8c9C1
Account_212,Account,57,57,0.0,0x90F8bf6A479f320ead074411a4B0e7944Ea8c9C1
Account_213,Account,91,91,0.0,0x90F8bf6A479f320ead074411a4B0e7944Ea8c9C1
Account_214,Account,75,75,0.0,0x90F8bf6A479f320ead074411a4B0e7944Ea8c9C1
Account_215,Account,397,397,0.0,0x90F8bf6A479f320ead074411a4B0e7944Ea8c9C1
Account_216,Account,201,201,0.0,0x90F8bf6A479f320ead074411a4B0e7944Ea8c9C1
Account_217,Account,303,303,0.0,0x90F8bf6A479f320ead074411a4B0e7944Ea8c9C1
Account_218,Account,382,382,0.0,0x90F8bf6A479f320ead074411a4B0e7944Ea8c9C1
Account_219,Account,242,242,0.0,0x90F8bf6A479f320ead074411a4B0e7944Ea8c9C1
Account_220,Account,340,340,0.0,0x90F8bf6A479f320ead074411a4B0e7944Ea8c9C1
Account_221,Account,177,177,0.0,0x90F8bf6A479f320ead074411a4B0e7944Ea8c9C1
Account_222,Account,275,275,0.0,0x90F8bf6A479f320ead074411a4B0e7944Ea8c9C1
Account_223,Account,126,126,0.0,0x90F8bf6A479f320ead074411a4B0e7944Ea8c9C1
Account_224,Account,229,229,0.0,0x90F8bf6A479f320ead074411a4B0e7944Ea8c9C1
Account_225,Account,155,155,0.0,0x90F8bf6A479f320ead074411a4B0e7944Ea8c9C1
Account_226,Account,145,145,0.0,0x90F8bf6A479f320ead074411a4B0e7944Ea8c9C1
Account_227,Account,183,183,0.0,0x90F8bf6A479f320ead074411a4B0e7944Ea8c9C1
Account_228,Account,223,223,0.0,0x90F8bf6A479f320ead074411a4B0e7944Ea8c9C1
Account_229,Account,122,122,0.0,0x90F8bf6A479f320ead074411a4B0e7944Ea8c9C1
Account_230,Account,138,138,0.0,0x90F8bf6A479f320ead074411a4B0e7944Ea8c9C1
Account_231,Account,337,337,0.0,0x90F8bf6A479f320ead074411a4B0e7944Ea8c9C1
Account_232,Account,318,318,0.0,0x90F8bf6A479f320ead074411a4B0e7944Ea8c9C1
Account_233,Account,220,220,0.0,0x90F8bf6A479f320ead074411a4B0e7944Ea8c9C1
Account_234,Account,115,115,0.0,0x90F8bf6A479f320ead074411a4B0e7944Ea8c9C1
Account_235,Account,364,364,0.0,0x90F8bf6A479f320ead074411a4B0e7944Ea8c9C1
Account_236,Account,209,209,0.0,0x90F8bf6A479f320ead074411a4B0e7944Ea8c9C1
Account_237,Account,254,254,0.0,0x90F8bf6A479f320ead074411a4B0e7944Ea8c9C1
Account_238,Account,209,209,0.0,0x90F8bf6A479f320ead074411a4B0e7944Ea8c9C1
Account_239,Account,125,125,0.0,0x90F8bf6A479f320ead074411a4B0e7944Ea8c9C1
Account_240,Account,3,3,0.0,0x90F8bf6A479f320ead074411a4B0e7944Ea8c9C1
Account_241,Account,297,297,0.0,0x90F8bf6A479f320ead074411a4B0e7944Ea8c9C1
Account_242,Account,122,122,0.0,0x90F8bf6A479f320ead074411a4B0e7944Ea8c9C1
Account_243,Account,83,83,0.0,0x90F8bf6A479f320ead074411a4B0e7944Ea8c9C1
Account_244,Account,99,99,0.0,0x90F8bf6A479f320ead074411a4B0e7944Ea8c9C1
Account_245,Account,206,206,0.0,0x90F8bf6A479f320ead074411a4B0e7944Ea8c9C1
Account_246,Account,335,335,0.0,0x90F8bf6A479f320ead074411a4B0e7944Ea8c9C1
Account_247,Account,59,59,0.0,0x90F8bf6A479f320ead074411a4B0e7944Ea8c9C1
Account_248,Account,192,192,0.0,0x90F8bf6A479f320ead074411a4B0e7944Ea8c9C1
Account_249,Account,189,189,0.0,0x90F8bf6A479f320ead074411a4B0e7944Ea8c9C1
Account_250,Account,222,222,0.0,0x90F8bf6A479f320ead074411a4B0e7944Ea8c9C1
Account_251,Account,243,243,0.0,0x90F8bf6A479f320ead074411a4B0e7944Ea8c9C1
Account_252,Account,237,237,0.0,0x90F8bf6A479f320ead074411a4B0e7944Ea8c9C1
Account_253,Account,274,274,0.0,0x90F8bf6A479f320ead074411a4B0e7944Ea8c9C1
Account_254,Account,53,53,0.0,0x90F8bf6A479f320ead074411a4B0e7944Ea8c9C1
Account_255,Account,149,149,0.0,0x90F8bf6A479f320ead074411a4B0e7944Ea8c9C1
Account_256,Account,50,50,0.0,0x90F8bf6A479f320ead074411a4B0e7944Ea8c9C1
Account_257,Account,34,34,0.0,0x90F8bf6A479f320ead074411a4B0e7944Ea8c9C1
Account_258,Account,187,187,0.0,0x90F8bf6A479f320ead074411a4B0e7944Ea8c9C1
Account_259,Account,184,184,0.0,0x90F8bf6A479f320ead074411a4B0e7944Ea8c9C1
Account_260,Account,181,181,0.0,0x90F8bf6A479f320ead074411a4B0e7944Ea8c9C1
Account_261,Account,75,75,0.0,0x90F8bf6A479f320ead074411a4B0e7944Ea8c9C1
Account_262,Account,348,348,0.0,0x90F8bf6A479f320ead074411a4B0e7944Ea8c9C1
Account_263,Account,353,353,0.0,0x90F8bf6A479f320ead074411a4B0e7944Ea8c9C1
Account_264,Account,72,72,0.0,0x90F8bf6A479f320ead074411a4B0e7944Ea8c9C1
Account_265,Account,117,117,0.0,0x90F8bf6A479f320ead074411a4B0e7944Ea8c9C1
Account_266,Account,110,110,0.0,0x90F8bf6A479f320ead074411a4B0e7944Ea8c9C1
Account_267,Account,200,200,0.0,0x90F8bf6A479f320ead074411a4B0e7944Ea8c9C1
Account_268,Account,76,76,0.0,0x90F8bf6A479f320ead074411a4B0e7944Ea8c9C1
Account_269,Account,157,157,0.0,0x90F8bf6A479f320ead074411a4B0e7944Ea8c9C1
Account_270,Account,117,117,0.0,0x90F8bf6A479f320ead074411a4B0e7944Ea8c9C1
Account_271,Account,141,141,0.0,0x90F8bf6A479f320ead074411a4B0e7944Ea8c9C1
Account_272,Account,382,382,0.0,0x90F8bf6A479f320ead074411a4B0e7944Ea8c9C1
Account_273,Account,293,293,0.0,0x90F8bf6A479f320ead074411a4B0e7944Ea8c9C1
Account_274,Account,258,258,0.0,0x90F8bf6A479f320ead074411a4B0e7944Ea8c9C1
Account_275,Account,213,213,0.0,0x90F8bf6A479f320ead074411a4B0e7944Ea8c9C1
Account_276,Account,129,129,0.0,0x90F8bf6A479f320ead074411a4B0e7944Ea8c9C1
Account_277,Account,206,206,0.0,0x90F8bf6A479f320ead074411a4B0e7944Ea8c9C1
Account_278,Account,264,264,0.0,0x90F8bf6A479f320ead074411a4B0e7944Ea8c9C1
Account_279,Account,96,96,0.0,0x90F8bf6A479f320ead074411a4B0e7944Ea8c9C1
Account_280,Account,229,229,0.0,0x90F8bf6A479f320ead074411a4B0e7944Ea8c9C1
Account_281,Account,173,173,0.0,0x90F8bf6A479f320ead074411a4B0e7944Ea8c9C1
Account_282,Account,324,324,0.0,0x90F8bf6A479f320ead074411a4B0e7944Ea8c9C1
Account_283,Account,106,106,0.0,0x90F8bf6A479f320ead074411a4B0e7944Ea8c9C1
Account_284,Account,72,72,0.0,0x90F8bf6A479f320ead074411a4B0e7944Ea8c9C1
Account_285,Account,325,325,0.0,0x90F8bf6A479f320ead074411a4B0e7944Ea8c9C1
Account_286,Account,198,198,0.0,0x90F8bf6A479f320ead074411a4B0e7944Ea8c9C1
Account_287,Account,96,96,0.0,0x90F8bf6A479f320ead074411a4B0e7944Ea8c9C1
Account_288,Account,201,201,0.0,0x90F8bf6A479f320ead074411a4B0e7944Ea8c9C1
Account_289,Account,252,252,0.0,0x90F8bf6A479f320ead074411a4B0e7944Ea8c9C1
Account_290,Account,279,279,0.0,0x90F8bf6A479f320ead074411a4B0e7944Ea8c9C1
Account_291,Account,47,47,0.0,0x90F8bf6A479f320ead074411a4B0e7944Ea8c9C1
Account_292,Account,87,87,0.0,0x90F8bf6A479f320ead074411a4B0e7944Ea8c9C1
Account_293,Account,78,78,0.0,0x90F8bf6A479f320ead074411a4B0e7944Ea8c9C1
Account_294,Account,360,360,0.0,0x90F8bf6A479f320ead074411a4B0e7944Ea8c9C1
Account_295,Account,205,205,0.0,0x90F8bf6A479f320ead074411a4B0e7944Ea8c9C1
Account_296,Account,155,155,0.0,0x90F8bf6A479f320ead074411a4B0e7944Ea8c9C1
Account_297,Account,125,125,0.0,0x90F8bf6A479f320ead074411a4B0e7944Ea8c9C1
Account_298,Account,40,40,0.0,0x90F8bf6A479f320ead074411a4B0e7944Ea8c9C1
Account_299,Account,79,79,0.0,0x90F8bf6A479f320ead074411a4B0e7944Ea8c9C1
Account_300,Account,350,350,0.0,0x90F8bf6A479f320ead074411a4B0e7944Ea8c9C1
Account_301,Account,162,162,0.0,0x90F8bf6A479f320ead074411a4B0e7944Ea8c9C1
Account_302,Account,133,133,0.0,0x90F8bf6A479f320ead074411a4B0e7944Ea8c9C1
Account_303,Account,408,408,0.0,0x90F8bf6A479f320ead074411a4B0e7944Ea8c9C1
Account_304,Account,190,190,0.0,0x90F8bf6A479f320ead074411a4B0e7944Ea8c9C1
Account_305,Account,106,106,0.0,0x90F8bf6A479f320ead074411a4B0e7944Ea8c9C1
Account_306,Account,291,291,0.0,0x90F8bf6A479f320ead074411a4B0e7944Ea8c9C1
Account_307,Account,9,9,0.0,0x90F8bf6A479f320ead074411a4B0e7944Ea8c9C1
Account_308,Account,232,232,0.0,0x90F8bf6A479f320ead074411a4B0e7944Ea8c9C1
Account_309,Account,258,258,0.0,0x90F8bf6A479f320ead074411a4B0e7944Ea8c9C1
Account_310,Account,243,243,0.0,0x90F8bf6A479f320ead074411a4B0e7944Ea8c9C1
Account_311,Account,217,217,0.0,0x90F8bf6A479f320ead074411a4B0e7944Ea8c9C1
Account_312,Account,207,207,0.0,0x90F8bf6A479f320ead074411a4B0e7944Ea8c9C1
Account_313,Account,180,180,0.0,0x90F8bf6A479f320ead074411a4B0e7944Ea8c9C1
Account_314,Account,153,153,0.0,0x90F8bf6A479f320ead074411a4B0e7944Ea8c9C1
Account_315,Account,118,118,0.0,0x90F8bf6A479f320ead074411a4B0e7944Ea8c9C1
Account_316,Account,260,260,0.0,0x90F8bf6A479f320ead074411a4B0e7944Ea8c9C1
Account_317,Account,353,353,0.0,0x90F8bf6A479f320ead074411a4B0e7944Ea8c9C1
Account_318,Account,240,240,0.0,0x90F8bf6A479f320ead074411a4B0e7944Ea8c9C1
Account_319,Account,349,349,0.0,0x90F8bf6A479f320ead074411a4B0e7944Ea8c9C1
Account_320,Account,190,190,0.0,0x90F8bf6A479f320ead074411a4B0e7944Ea8c9C1
Account_321,Account,152,152,0.0,0x90F8bf6A479f320ead074411a4B0e7944Ea8c9C1
Account_322,Account,227,227,0.0,0x90F8bf6A479f320ead074411a4B0e7944Ea8c9C1
Account_323,Account,148,148,0.0,0x90F8bf6A479f320ead074411a4B0e7944Ea8c9C1
Account_324,Account,279,279,0.0,0x90F8bf6A479f320ead074411a4B0e7944Ea8c9C1
Account_325,Account,170,170,0.0,0x90F8bf6A479f320ead074411a4B0e7944Ea8c9C1
Account_326,Account,183,183,0.0,0x90F8bf6A479f320ead074411a4B0e7944Ea8c9C1
Account_327,Account,212,212,0.0,0x90F8bf6A479f320ead074411a4B0e7944Ea8c9C1
Account_328,Account,149,149,0.0,0x90F8bf6A479f320ead074411a4B0e7944Ea8c9C1
Account_329,Account,100,100,0.0,0x90F8bf6A479f320ead074411a4B0e7944Ea8c9C1
Account_330,Account,205,205,0.0,0x90F8bf6A479f320ead074411a4B0e7944Ea8c9C1
Account_331,Account,408,408,0.0,0x90F8bf6A479f320ead074411a4B0e7944Ea8c9C1
Account_332,Account,0,0,0.0,0x90F8bf6A479f320ead074411a4B0e7944Ea8c9C1
Account_333,Account,212,212,0.0,0x90F8bf6A479f320ead074411a4B0e7944Ea8c9C1
Account_334,Account,272,272,0.0,0x90F8bf6A479f320ead074411a4B0e7944Ea8c9C1
Account_335,Account,106,106,0.0,0x90F8bf6A479f320ead074411a4B0e7944Ea8c9C1
Account_336,Account,230,230,0.0,0x90F8bf6A479f320ead074411a4B0e7944Ea8c9C1
Account_337,Account,261,261,0.0,0x90F8bf6A479f320ead074411a4B0e7944Ea8c9C1
Account_338,Account,160,160,0.0,0x90F8bf6A479f320ead074411a4B0e7944Ea8c9C1
Account_339,Account,158,158,0.0,0x90F8bf6A479f320ead074411a4B0e7944Ea8c9C1
Account_340,Account,2,2,0.0,0x90F8bf6A479f320ead074411a4B0e7944Ea8c9C1
Account_341,Account,251,251,0.0,0x90F8bf6A479f320ead074411a4B0e7944Ea8c9C1
Account_342,Account,110,110,0.0,0x90F8bf6A479f320ead074411a4B0e7944Ea8c9C1
Account_343,Account,206,206,0.0,0x90F8bf6A479f320ead074411a4B0e7944Ea8c9C1
Account_344,Account,276,276,0.0,0x90F8bf6A479f320ead074411a4B0e7944Ea8c9C1
Account_345,Account,301,301,0.0,0x90F8bf6A479f320ead074411a4B0e7944Ea8c9C1
Account_346,Account,108,108,0.0,0x90F8bf6A479f320ead074411a4B0e7944Ea8c9C1
Account_347,Account,183,183,0.0,0x90F8bf6A479f320ead074411a4B0e7944Ea8c9C1
Account_348,Account,125,125,0.0,0x90F8bf6A479f320ead074411a4B0e7944Ea8c9C1
Account_349,Account,89,89,0.0,0x90F8bf6A479f320ead074411a4B0e7944Ea8c9C1
Account_350,Account,9,9,0.0,0x90F8bf6A479f320ead074411a4B0e7944Ea8c9C1
Account_351,Account,55,55,0.0,0x90F8bf6A479f320ead074411a4B0e7944Ea8c9C1
Account_352,Account,328,328,0.0,0x90F8bf6A479f320ead074411a4B0e7944Ea8c9C1
Account_353,Account,341,341,0.0,0x90F8bf6A479f320ead074411a4B0e7944Ea8c9C1
Account_354,Account,186,186,0.0,0x90F8bf6A479f320ead074411a4B0e7944Ea8c9C1
Account_355,Account,78,78,0.0,0x90F8bf6A479f320ead074411a4B0e7944Ea8c9C1
Account_356,Account,248,248,0.0,0x90F8bf6A479f320ead074411a4B0e7944Ea8c9C1
Account_357,Account,170,170,0.0,0x90F8bf6A479f320ead074411a4B0e7944Ea8c9C1
Account_358,Account,244,244,0.0,0x90F8bf6A479f320ead074411a4B0e7944Ea8c9C1
Account_359,Account,188,188,0.0,0x90F8bf6A479f320ead074411a4B0e7944Ea8c9C1
Account_360,Account,242,242,0.0,0x90F8bf6A479f320ead074411a4B0e7944Ea8c9C1
Account_361,Account,100,100,0.0,0x90F8bf6A479f320ead074411a4B0e7944Ea8c9C1
Account_362,Account,135,135,0.0,0x90F8bf6A479f320ead074411a4B0e7944Ea8c9C1
Account_363,Account,222,222,0.0,0x90F8bf6A479f320ead074411a4B0e7944Ea8c9C1
Account_364,Account,123,123,0.0,0x90F8bf6A479f320ead074411a4B0e7944Ea8c9C1
Account_365,Account,99,99,0.0,0x90F8bf6A479f320ead074411a4B0e7944Ea8c9C1
Account_366,Account,61,61,0.0,0x90F8bf6A479f320ead074411a4B0e7944Ea8c9C1
Account_367,Account,128,128,0.0,0x90F8bf6A479f320ead074411a4B0e7944Ea8c9C1
Account_368,Account,134,134,0.0,0x90F8bf6A479f320ead074411a4B0e7944Ea8c9C1
Account_369,Account,211,211,0.0,0x90F8bf6A479f320ead074411a4B0e7944Ea8c9C1
Account_370,Account,148,148,0.0,0x90F8bf6A479f320ead074411a4B0e7944Ea8c9C1
Account_371,Account,195,195,0.0,0x90F8bf6A479f320ead074411a4B0e7944Ea8c9C1
Account_372,Account,325,325,0.0,0x90F8bf6A479f320ead074411a4B0e7944Ea8c9C1
Account_373,Account,203,203,0.0,0x90F8bf6A479f320ead074411a4B0e7944Ea8c9C1
Account_374,Account,113,113,0.0,0x90F8bf6A479f320ead074411a4B0e7944Ea8c9C1
Account_375,Account,205,205,0.0,0x90F8bf6A479f320ead074411a4B0e7944Ea8c9C1
Account_376,Account,222,222,0.0,0x90F8bf6A479f320ead074411a4B0e7944Ea8c9C1
Account_377,Account,129,129,0.0,0x90F8bf6A479f320ead074411a4B0e7944Ea8c9C1
Account_378,Account,193,193,0.0,0x90F8bf6A479f320ead074411a4B0e7944Ea8c9C1
Account_379,Account,175,175,0.0,0x90F8bf6A479f320ead074411a4B0e7944Ea8c9C1
Account_380,Account,94,94,0.0,0x90F8bf6A479f320ead074411a4B0e7944Ea8c9C1
Account_381,Account,187,187,0.0,0x90F8bf6A479f320ead074411a4B0e7944Ea8c9C1
Account_382,Account,213,213,0.0,0x90F8bf6A479f320ead074411a4B0e7944Ea8c9C1
Account_383,Account,175,175,0.0,0x90F8bf6A479f320ead074411a4B0e7944Ea8c9C1
Account_384,Account,226,226,0.0,0x90F8bf6A479f320ead074411a4B0e7944Ea8c9C1
Account_385,Account,14,14,0.0,0x90F8bf6A479f320ead074411a4B0e7944Ea8c9C1
Account_386,Account,263,263,0.0,0x90F8bf6A479f320ead074411a4B0e7944Ea8c9C1
Account_387,Account,295,295,0.0,0x90F8bf6A479f320ead074411a4B0e7944Ea8c9C1
Account_388,Account,395,395,0.0,0x90F8bf6A479f320ead074411a4B0e7944Ea8c9C1
Account_389,Account,360,360,0.0,0x90F8bf6A479f320ead074411a4B0e7944Ea8c9C1
Account_390,Account,259,259,0.0,0x90F8bf6A479f320ead074411a4B0e7944Ea8c9C1
Account_391,Account,261,261,0.0,0x90F8bf6A479f320ead074411a4B0e7944Ea8c9C1
Account_392,Account,208,208,0.0,0x90F8bf6A479f320ead074411a4B0e7944Ea8c9C1
Account_393,Account,236,236,0.0,0x90F8bf6A479f320ead074411a4B0e7944Ea8c9C1
Account_394,Account,274,274,0.0,0x90F8bf6A479f320ead074411a4B0e7944Ea8c9C1
Account_395,Account,240,240,0.0,0x90F8bf6A479f320ead074411a4B0e7944Ea8c9C1
Account_396,Account,248,248,0.0,0x90F8bf6A479f320ead074411a4B0e7944Ea8c9C1
Account_397,Account,197,197,0.0,0x90F8bf6A479f320ead074411a4B0e7944Ea8c9C1
Account_398,Account,120,120,0.0,0x90F8bf6A479f320ead074411a4B0e7944Ea8c9C1
Account_399,Account,56,56,0.0,0x90F8bf6A479f320ead074411a4B0e7944Ea8c9C1
Account_400,Account,260,260,0.0,0x90F8bf6A479f320ead074411a4B0e7944Ea8c9C1
Account_401,Account,269,269,0.0,0x90F8bf6A479f320ead074411a4B0e7944Ea8c9C1
Account_402,Account,203,203,0.0,0x90F8bf6A479f320ead074411a4B0e7944Ea8c9C1
Account_403,Account,208,208,0.0,0x90F8bf6A479f320ead074411a4B0e7944Ea8c9C1
Account_404,Account,314,314,0.0,0x90F8bf6A479f320ead074411a4B0e7944Ea8c9C1
Account_405,Account,0,0,0.0,0x90F8bf6A479f320ead074411a4B0e7944Ea8c9C1
Account_406,Account,103,103,0.0,0x90F8bf6A479f320ead074411a4B0e7944Ea8c9C1
Account_407,Account,147,147,0.0,0x90F8bf6A479f320ead074411a4B0e7944Ea8c9C1
Account_408,Account,191,191,0.0,0x90F8bf6A479f320ead074411a4B0e7944Ea8c9C1
Account_409,Account,46,46,0.0,0x90F8bf6A479f320ead074411a4B0e7944Ea8c9C1
Account_410,Account,323,323,0.0,0x90F8bf6A479f320ead074411a4B0e7944Ea8c9C1
Account_411,Account,117,117,0.0,0x90F8bf6A479f320ead074411a4B0e7944Ea8c9C1
Account_412,Account,341,341,0.0,0x90F8bf6A479f320ead074411a4B0e7944Ea8c9C1
Account_413,Account,373,373,0.0,0x90F8bf6A479f320ead074411a4B0e7944Ea8c9C1
Account_414,Account,176,176,0.0,0x90F8bf6A479f320ead074411a4B0e7944Ea8c9C1
Account_415,Account,51,51,0.0,0x90F8bf6A479f320ead074411a4B0e7944Ea8c9C1
Account_416,Account,124,124,0.0,0x90F8bf6A479f320ead074411a4B0e7944Ea8c9C1
Account_417,Account,231,231,0.0,0x90F8bf6A479f320ead074411a4B0e7944Ea8c9C1
Account_418,Account,215,215,0.0,0x90F8bf6A479f320ead074411a4B0e7944Ea8c9C1
Account_419,Account,286,286,0.0,0x90F8bf6A479f320ead074411a4B0e7944Ea8c9C1
Account_420,Account,252,252,0.0,0x90F8bf6A479f320ead074411a4B0e7944Ea8c9C1
Account_421,Account,189,189,0.0,0x90F8bf6A479f320ead074411a4B0e7944Ea8c9C1
Account_422,Account,199,199,0.0,0x90F8bf6A479f320ead074411a4B0e7944Ea8c9C1
Account_423,Account,178,178,0.0,0x90F8bf6A479f320ead074411a4B0e7944Ea8c9C1
Account_424,Account,198,198,0.0,0x90F8bf6A479f320ead074411a4B0e7944Ea8c9C1
Account_425,Account,357,357,0.0,0x90F8bf6A479f320ead074411a4B0e7944Ea8c9C1
Account_426,Account,284,284,0.0,0x90F8bf6A479f320ead074411a4B0e7944Ea8c9C1
Account_427,Account,164,164,0.0,0x90F8bf6A479f320ead074411a4B0e7944Ea8c9C1
Account_428,Account,159,159,0.0,0x90F8bf6A479f320ead074411a4B0e7944Ea8c9C1
Account_429,Account,187,187,0.0,0x90F8bf6A479f320ead074411a4B0e7944Ea8c9C1
Account_430,Account,221,221,0.0,0x90F8bf6A479f320ead074411a4B0e7944Ea8c9C1
Account_431,Account,343,343,0.0,0x90F8bf6A479f320ead074411a4B0e7944Ea8c9C1
Account_432,Account,363,363,0.0,0x90F8bf6A479f320ead074411a4B0e7944Ea8c9C1
Account_433,Account,184,184,0.0,0x90F8bf6A479f320ead074411a4B0e7944Ea8c9C1
Account_434,Account,94,94,0.0,0x90F8bf6A479f320ead074411a4B0e7944Ea8c9C1
Account_435,Account,162,162,0.0,0x90F8bf6A479f320ead074411a4B0e7944Ea8c9C1
Account_436,Account,130,130,0.0,0x90F8bf6A479f320ead074411a4B0e7944Ea8c9C1
Account_437,Account,244,244,0.0,0x90F8bf6A479f320ead074411a4B0e7944Ea8c9C1
Account_438,Account,289,289,0.0,0x90F8bf6A479f320ead074411a4B0e7944Ea8c9C1
Account_439,Account,337,337,0.0,0x90F8bf6A479f320ead074411a4B0e7944Ea8c9C1
Account_440,Account,112,112,0.0,0x90F8bf6A479f320ead074411a4B0e7944Ea8c9C1
Account_441,Account,352,352,0.0,0x90F8bf6A479f320ead074411a4B0e7944Ea8c9C1
Account_442,Account,291,291,0.0,0x90F8bf6A479f320ead074411a4B0e7944Ea8c9C1
Account_443,Account,142,142,0.0,0x90F8bf6A479f320ead074411a4B0e7944Ea8c9C1
Account_444,Account,194,194,0.0,0x90F8bf6A479f320ead074411a4B0e7944Ea8c9C1
Account_445,Account,369,369,0.0,0x90F8bf6A479f320ead074411a4B0e7944Ea8c9C1
Account_446,Account,327,327,0.0,0x90F8bf6A479f320ead074411a4B0e7944Ea8c9C1
Account_447,Account,169,169,0.0,0x90F8bf6A479f320ead074411a4B0e7944Ea8c9C1
Account_448,Account,116,116,0.0,0x90F8bf6A479f320ead074411a4B0e7944Ea8c9C1
Account_449,Account,301,301,0.0,0x90F8bf6A479f320ead074411a4B0e7944Ea8c9C1
Account_450,Account,98,98,0.0,0x90F8bf6A479f320ead074411a4B0e7944Ea8c9C1
Account_451,Account,280,280,0.0,0x90F8bf6A479f320ead074411a4B0e7944Ea8c9C1
Account_452,Account,196,196,0.0,0x90F8bf6A479f320ead074411a4B0e7944Ea8c9C1
Account_453,Account,238,238,0.0,0x90F8bf6A479f320ead074411a4B0e7944Ea8c9C1
Account_454,Account,281,281,0.0,0x90F8bf6A479f320ead074411a4B0e7944Ea8c9C1
Account_455,Account,204,204,0.0,0x90F8bf6A479f320ead074411a4B0e7944Ea8c9C1
Account_456,Account,356,356,0.0,0x90F8bf6A479f320ead074411a4B0e7944Ea8c9C1
Account_457,Account,105,105,0.0,0x90F8bf6A479f320ead074411a4B0e7944Ea8c9C1
Account_458,Account,289,289,0.0,0x90F8bf6A479f320ead074411a4B0e7944Ea8c9C1
Account_459,Account,362,362,0.0,0x90F8bf6A479f320ead074411a4B0e7944Ea8c9C1
Account_460,Account,153,153,0.0,0x90F8bf6A479f320ead074411a4B0e7944Ea8c9C1
Account_461,Account,137,137,0.0,0x90F8bf6A479f320ead074411a4B0e7944Ea8c9C1
Account_462,Account,224,224,0.0,0x90F8bf6A479f320ead074411a4B0e7944Ea8c9C1
Account_463,Account,321,321,0.0,0x90F8bf6A479f320ead074411a4B0e7944Ea8c9C1
Account_464,Account,211,211,0.0,0x90F8bf6A479f320ead074411a4B0e7944Ea8c9C1
Account_465,Account,102,102,0.0,0x90F8bf6A479f320ead074411a4B0e7944Ea8c9C1
Account_466,Account,91,91,0.0,0x90F8bf6A479f320ead074411a4B0e7944Ea8c9C1
Account_467,Account,322,322,0.0,0x90F8bf6A479f320ead074411a4B0e7944Ea8c9C1
Account_468,Account,300,300,0.0,0x90F8bf6A479f320ead074411a4B0e7944Ea8c9C1
Account_469,Account,148,148,0.0,0x90F8bf6A479f320ead074411a4B0e7944Ea8c9C1
Account_470,Account,298,298,0.0,0x90F8bf6A479f320ead074411a4B0e7944Ea8c9C1
Account_471,Account,187,187,0.0,0x90F8bf6A479f320ead074411a4B0e7944Ea8c9C1
Account_472,Account,219,219,0.0,0x90F8bf6A479f320ead074411a4B0e7944Ea8c9C1
Account_473,Account,260,260,0.0,0x90F8bf6A479f320ead074411a4B0e7944Ea8c9C1
Account_474,Account,238,238,0.0,0x90F8bf6A479f320ead074411a4B0e7944Ea8c9C1
Account_475,Account,186,186,0.0,0x90F8bf6A479f320ead074411a4B0e7944Ea8c9C1
Account_476,Account,141,141,0.0,0x90F8bf6A479f320ead074411a4B0e7944Ea8c9C1
Account_477,Account,215,215,0.0,0x90F8bf6A479f320ead074411a4B0e7944Ea8c9C1
Account_478,Account,183,183,0.0,0x90F8bf6A479f320ead074411a4B0e7944Ea8c9C1
Account_479,Account,127,127,0.0,0x90F8bf6A479f320ead074411a4B0e7944Ea8c9C1
Account_480,Account,207,207,0.0,0x90F8bf6A479f320ead074411a4B0e7944Ea8c9C1
Account_481,Account,100,100,0.0,0x90F8bf6A479f320ead074411a4B0e7944Ea8c9C1
Account_482,Account,154,154,0.0,0x90F8bf6A479f320ead074411a4B0e7944Ea8c9C1
Account_483,Account,304,304,0.0,0x90F8bf6A479f320ead074411a4B0e7944Ea8c9C1
Account_484,Account,375,375,0.0,0x90F8bf6A479f320ead074411a4B0e7944Ea8c9C1
Account_485,Account,192,192,0.0,0x90F8bf6A479f320ead074411a4B0e7944Ea8c9C1
Account_486,Account,97,97,0.0,0x90F8bf6A479f320ead074411a4B0e7944Ea8c9C1
Account_487,Account,359,359,0.0,0x90F8bf6A479f320ead074411a4B0e7944Ea8c9C1
Account_488,Account,15,15,0.0,0x90F8bf6A479f320ead074411a4B0e7944Ea8c9C1
Account_489,Account,291,291,0.0,0x90F8bf6A479f320ead074411a4B0e7944Ea8c9C1
Account_490,Account,112,112,0.0,0x90F8bf6A479f320ead074411a4B0e7944Ea8c9C1
Account_491,Account,229,229,0.0,0x90F8bf6A479f320ead074411a4B0e7944Ea8c9C1
Account_492,Account,211,211,0.0,0x90F8bf6A479f320ead074411a4B0e7944Ea8c9C1
Account_493,Account,316,316,0.0,0x90F8bf6A479f320ead074411a4B0e7944Ea8c9C1
Account_494,Account,68,68,0.0,0x90F8bf6A479f320ead074411a4B0e7944Ea8c9C1
Account_495,Account,243,243,0.0,0x90F8bf6A479f320ead074411a4B0e7944Ea8c9C1
Account_496,Account,327,327,0.0,0x90F8bf6A479f320ead074411a4B0e7944Ea8c9C1
Account_497,Account,279,279,0.0,0x90F8bf6A479f320ead074411a4B0e7944Ea8c9C1
Account_498,Account,134,134,0.0,0x90F8bf6A479f320ead074411a4B0e7944Ea8c9C1
Account_499,Account,261,261,0.0,0x90F8bf6A479f320ead074411a4B0e7944Ea8c9C1
Account_500,Account,411,411,0.0,0x90F8bf6A479f320ead074411a4B0e7944Ea8c9C1
Account_501,Account,284,284,0.0,0x90F8bf6A479f320ead074411a4B0e7944Ea8c9C1
Account_502,Account,404,404,0.0,0x90F8bf6A479f320ead074411a4B0e7944Ea8c9C1
Account_503,Account,66,66,0.0,0x90F8bf6A479f320ead074411a4B0e7944Ea8c9C1
Account_504,Account,218,218,0.0,0x90F8bf6A479f320ead074411a4B0e7944Ea8c9C1
Account_505,Account,128,128,0.0,0x90F8bf6A479f320ead074411a4B0e7944Ea8c9C1
Account_506,Account,218,218,0.0,0x90F8bf6A479f320ead074411a4B0e7944Ea8c9C1
Account_507,Account,245,245,0.0,0x90F8bf6A479f320ead074411a4B0e7944Ea8c9C1
Account_508,Account,34,34,0.0,0x90F8bf6A479f320ead074411a4B0e7944Ea8c9C1
Account_509,Account,322,322,0.0,0x90F8bf6A479f320ead074411a4B0e7944Ea8c9C1
Account_510,Account,220,220,0.0,0x90F8bf6A479f320ead074411a4B0e7944Ea8c9C1
Account_511,Account,189,189,0.28488510990997584,0x90F8bf6A479f320ead074411a4B0e7944Ea8c9C1
Account_512,Account,283,283,0.0,0x90F8bf6A479f320ead074411a4B0e7944Ea8c9C1
Account_513,Account,185,185,0.0,0x90F8bf6A479f320ead074411a4B0e7944Ea8c9C1
Account_514,Account,286,286,0.0,0x90F8bf6A479f320ead074411a4B0e7944Ea8c9C1
Account_515,Account,36,36,0.0,0x90F8bf6A479f320ead074411a4B0e7944Ea8c9C1
Account_516,Account,222,222,0.0,0x90F8bf6A479f320ead074411a4B0e7944Ea8c9C1
Account_517,Account,332,332,0.0,0x90F8bf6A479f320ead074411a4B0e7944Ea8c9C1
Account_518,Account,414,414,0.0,0x90F8bf6A479f320ead074411a4B0e7944Ea8c9C1
Account_519,Account,49,49,0.0,0x90F8bf6A479f320ead074411a4B0e7944Ea8c9C1
Account_520,Account,261,261,0.0,0x90F8bf6A479f320ead074411a4B0e7944Ea8c9C1
Account_521,Account,207,207,0.0,0x90F8bf6A479f320ead074411a4B0e7944Ea8c9C1
Account_522,Account,163,163,0.0,0x90F8bf6A479f320ead074411a4B0e7944Ea8c9C1
Account_523,Account,136,136,0.0,0x90F8bf6A479f320ead074411a4B0e7944Ea8c9C1
Account_524,Account,170,170,0.0,0x90F8bf6A479f320ead074411a4B0e7944Ea8c9C1
Account_525,Account,273,273,0.0,0x90F8bf6A479f320ead074411a4B0e7944Ea8c9C1
Account_526,Account,301,301,0.0,0x90F8bf6A479f320ead074411a4B0e7944Ea8c9C1
Account_527,Account,78,78,0.0,0x90F8bf6A479f320ead074411a4B0e7944Ea8c9C1
Account_528,Account,216,216,0.0,0x90F8bf6A479f320ead074411a4B0e7944Ea8c9C1
Account_529,Account,262,262,0.0,0x90F8bf6A479f320ead074411a4B0e7944Ea8c9C1
Account_530,Account,190,190,0.0,0x90F8bf6A479f320ead074411a4B0e7944Ea8c9C1
Account_531,Account,174,174,0.0,0x90F8bf6A479f320ead074411a4B0e7944Ea8c9C1
Account_532,Account,126,126,0.0,0x90F8bf6A479f320ead074411a4B0e7944Ea8c9C1
Account_533,Account,114,114,0.0,0x90F8bf6A479f320ead074411a4B0e7944Ea8c9C1
Account_534,Account,210,210,0.0,0x90F8bf6A479f320ead074411a4B0e7944Ea8c9C1
Account_535,Account,266,266,0.0,0x90F8bf6A479f320ead074411a4B0e7944Ea8c9C1
Account_536,Account,166,166,0.0,0x90F8bf6A479f320ead074411a4B0e7944Ea8c9C1
Account_537,Account,449,449,0.0,0x90F8bf6A479f320ead074411a4B0e7944Ea8c9C1
Account_538,Account,343,343,0.0,0x90F8bf6A479f320ead074411a4B0e7944Ea8c9C1
Account_539,Account,121,121,0.0,0x90F8bf6A479f320ead074411a4B0e7944Ea8c9C1
Account_540,Account,142,142,0.0,0x90F8bf6A479f320ead074411a4B0e7944Ea8c9C1
Account_541,Account,292,292,0.0,0x90F8bf6A479f320ead074411a4B0e7944Ea8c9C1
Account_542,Account,95,95,0.0,0x90F8bf6A479f320ead074411a4B0e7944Ea8c9C1
Account_543,Account,289,289,0.0,0x90F8bf6A479f320ead074411a4B0e7944Ea8c9C1
Account_544,Account,201,201,0.0,0x90F8bf6A479f320ead074411a4B0e7944Ea8c9C1
Account_545,Account,284,284,0.0,0x90F8bf6A479f320ead074411a4B0e7944Ea8c9C1
Account_546,Account,254,254,0.0,0x90F8bf6A479f320ead074411a4B0e7944Ea8c9C1
Account_547,Account,165,165,0.0,0x90F8bf6A479f320ead074411a4B0e7944Ea8c9C1
Account_548,Account,166,166,0.0,0x90F8bf6A479f320ead074411a4B0e7944Ea8c9C1
Account_549,Account,150,150,0.0,0x90F8bf6A479f320ead074411a4B0e7944Ea8c9C1
Account_550,Account,254,254,0.0,0x90F8bf6A479f320ead074411a4B0e7944Ea8c9C1
Account_551,Account,100,100,0.0,0x90F8bf6A479f320ead074411a4B0e7944Ea8c9C1
Account_552,Account,253,253,0.0,0x90F8bf6A479f320ead074411a4B0e7944Ea8c9C1
Account_553,Account,257,257,0.0,0x90F8bf6A479f320ead074411a4B0e7944Ea8c9C1
Account_554,Account,254,254,0.0,0x90F8bf6A479f320ead074411a4B0e7944Ea8c9C1
Account_555,Account,29,29,0.0,0x90F8bf6A479f320ead074411a4B0e7944Ea8c9C1
Account_556,Account,164,164,0.0,0x90F8bf6A479f320ead074411a4B0e7944Ea8c9C1
Account_557,Account,79,79,0.0,0x90F8bf6A479f320ead074411a4B0e7944Ea8c9C1
Account_558,Account,195,195,0.0,0x90F8bf6A479f320ead074411a4B0e7944Ea8c9C1
Account_559,Account,100,100,0.0,0x90F8bf6A479f320ead074411a4B0e7944Ea8c9C1
Account_560,Account,263,263,0.0,0x90F8bf6A479f320ead074411a4B0e7944Ea8c9C1
Account_561,Account,267,267,0.0,0x90F8bf6A479f320ead074411a4B0e7944Ea8c9C1
Account_562,Account,206,206,0.0,0x90F8bf6A479f320ead074411a4B0e7944Ea8c9C1
Account_563,Account,240,240,0.0,0x90F8bf6A479f320ead074411a4B0e7944Ea8c9C1
Account_564,Account,304,304,0.0,0x90F8bf6A479f320ead074411a4B0e7944Ea8c9C1
Account_565,Account,159,159,0.0,0x90F8bf6A479f320ead074411a4B0e7944Ea8c9C1
Account_566,Account,205,205,0.0,0x90F8bf6A479f320ead074411a4B0e7944Ea8c9C1
Account_567,Account,160,160,0.0,0x90F8bf6A479f320ead074411a4B0e7944Ea8c9C1
Account_568,Account,142,142,0.0,0x90F8bf6A479f320ead074411a4B0e7944Ea8c9C1
Account_569,Account,140,140,0.0,0x90F8bf6A479f320ead074411a4B0e7944Ea8c9C1
Account_570,Account,241,241,0.0,0x90F8bf6A479f320ead074411a4B0e7944Ea8c9C1
Account_571,Account,216,216,0.0,0x90F8bf6A479f320ead074411a4B0e7944Ea8c9C1
Account_572,Account,238,238,0.0,0x90F8bf6A479f320ead074411a4B0e7944Ea8c9C1
Account_573,Account,27,27,0.0,0x90F8bf6A479f320ead074411a4B0e7944Ea8c9C1
Account_574,Account,166,166,0.0,0x90F8bf6A479f320ead074411a4B0e7944Ea8c9C1
Account_575,Account,324,324,0.0,0x90F8bf6A479f320ead074411a4B0e7944Ea8c9C1
Account_576,Account,95,95,0.0,0x90F8bf6A479f320ead074411a4B0e7944Ea8c9C1
Account_577,Account,249,249,0.0,0x90F8bf6A479f320ead074411a4B0e7944Ea8c9C1
Account_578,Account,194,194,0.0,0x90F8bf6A479f320ead074411a4B0e7944Ea8c9C1
Account_579,Account,82,82,0.0,0x90F8bf6A479f320ead074411a4B0e7944Ea8c9C1
Account_580,Account,199,199,0.0,0x90F8bf6A479f320ead074411a4B0e7944Ea8c9C1
Account_581,Account,305,305,0.0,0x90F8bf6A479f320ead074411a4B0e7944Ea8c9C1
Account_582,Account,189,189,0.0,0x90F8bf6A479f320ead074411a4B0e7944Ea8c9C1
Account_583,Account,314,314,0.0,0x90F8bf6A479f320ead074411a4B0e7944Ea8c9C1
Account_584,Account,371,371,0.0,0x90F8bf6A479f320ead074411a4B0e7944Ea8c9C1
Account_585,Account,191,191,0.0,0x90F8bf6A479f320ead074411a4B0e7944Ea8c9C1
Account_586,Account,332,332,0.0,0x90F8bf6A479f320ead074411a4B0e7944Ea8c9C1
Account_587,Account,205,205,0.0,0x90F8bf6A479f320ead074411a4B0e7944Ea8c9C1
Account_588,Account,244,244,0.0,0x90F8bf6A479f320ead074411a4B0e7944Ea8c9C1
Account_589,Account,226,226,0.0,0x90F8bf6A479f320ead074411a4B0e7944Ea8c9C1
Account_590,Account,154,154,0.0,0x90F8bf6A479f320ead074411a4B0e7944Ea8c9C1
Account_591,Account,324,324,0.0,0x90F8bf6A479f320ead074411a4B0e7944Ea8c9C1
Account_592,Account,244,244,0.0,0x90F8bf6A479f320ead074411a4B0e7944Ea8c9C1
Account_593,Account,359,359,0.0,0x90F8bf6A479f320ead074411a4B0e7944Ea8c9C1
Account_594,Account,211,211,0.0,0x90F8bf6A479f320ead074411a4B0e7944Ea8c9C1
Account_595,Account,110,110,0.0,0x90F8bf6A479f320ead074411a4B0e7944Ea8c9C1
Account_596,Account,238,238,0.0,0x90F8bf6A479f320ead074411a4B0e7944Ea8c9C1
Account_597,Account,307,307,0.0,0x90F8bf6A479f320ead074411a4B0e7944Ea8c9C1
Account_598,Account,189,189,0.0,0x90F8bf6A479f320ead074411a4B0e7944Ea8c9C1
Account_599,Account,118,118,0.0,0x90F8bf6A479f320ead074411a4B0e7944Ea8c9C1
Account_600,Account,235,235,0.0,0x90F8bf6A479f320ead074411a4B0e7944Ea8c9C1
Account_601,Account,131,131,0.0,0x90F8bf6A479f320ead074411a4B0e7944Ea8c9C1
Account_602,Account,234,234,0.0,0x90F8bf6A479f320ead074411a4B0e7944Ea8c9C1
Account_603,Account,267,267,0.0,0x90F8bf6A479f320ead074411a4B0e7944Ea8c9C1
Account_604,Account,303,303,0.0,0x90F8bf6A479f320ead074411a4B0e7944Ea8c9C1
Account_605,Account,206,206,0.0,0x90F8bf6A479f320ead074411a4B0e7944Ea8c9C1
Account_606,Account,149,149,0.0,0x90F8bf6A479f320ead074411a4B0e7944Ea8c9C1
Account_607,Account,74,74,0.0,0x90F8bf6A479f320ead074411a4B0e7944Ea8c9C1
Account_608,Account,217,217,0.0,0x90F8bf6A479f320ead074411a4B0e7944Ea8c9C1
Account_609,Account,319,319,0.0,0x90F8bf6A479f320ead074411a4B0e7944Ea8c9C1
Account_610,Account,139,139,0.0,0x90F8bf6A479f320ead074411a4B0e7944Ea8c9C1
Account_611,Account,215,215,0.0,0x90F8bf6A479f320ead074411a4B0e7944Ea8c9C1
Account_612,Account,309,309,0.0,0x90F8bf6A479f320ead074411a4B0e7944Ea8c9C1
Account_613,Account,128,128,0.0,0x90F8bf6A479f320ead074411a4B0e7944Ea8c9C1
Account_614,Account,188,188,0.0,0x90F8bf6A479f320ead074411a4B0e7944Ea8c9C1
Account_615,Account,253,253,0.0,0x90F8bf6A479f320ead074411a4B0e7944Ea8c9C1
Account_616,Account,335,335,0.0,0x90F8bf6A479f320ead074411a4B0e7944Ea8c9C1
Account_617,Account,135,135,0.0,0x90F8bf6A479f320ead074411a4B0e7944Ea8c9C1
Account_618,Account,210,210,0.0,0x90F8bf6A479f320ead074411a4B0e7944Ea8c9C1
Account_619,Account,345,345,0.0,0x90F8bf6A479f320ead074411a4B0e7944Ea8c9C1
Account_620,Account,394,394,0.0,0x90F8bf6A479f320ead074411a4B0e7944Ea8c9C1
Account_621,Account,294,294,0.0,0x90F8bf6A479f320ead074411a4B0e7944Ea8c9C1
Account_622,Account,454,454,0.0,0x90F8bf6A479f320ead074411a4B0e7944Ea8c9C1
Account_623,Account,179,179,0.0,0x90F8bf6A479f320ead074411a4B0e7944Ea8c9C1
Account_624,Account,274,274,0.0,0x90F8bf6A479f320ead074411a4B0e7944Ea8c9C1
Account_625,Account,144,144,0.0,0x90F8bf6A479f320ead074411a4B0e7944Ea8c9C1
Account_626,Account,44,44,0.0,0x90F8bf6A479f320ead074411a4B0e7944Ea8c9C1
Account_627,Account,52,52,0.0,0x90F8bf6A479f320ead074411a4B0e7944Ea8c9C1
Account_628,Account,107,107,0.0,0x90F8bf6A479f320ead074411a4B0e7944Ea8c9C1
Account_629,Account,316,316,0.0,0x90F8bf6A479f320ead074411a4B0e7944Ea8c9C1
Account_630,Account,100,100,0.0,0x90F8bf6A479f320ead074411a4B0e7944Ea8c9C1
Account_631,Account,207,207,0.0,0x90F8bf6A479f320ead074411a4B0e7944Ea8c9C1
Account_632,Account,251,251,0.0,0x90F8bf6A479f320ead074411a4B0e7944Ea8c9C1
Account_633,Account,230,230,0.0,0x90F8bf6A479f320ead074411a4B0e7944Ea8c9C1
Account_634,Account,220,220,0.0,0x90F8bf6A479f320ead074411a4B0e7944Ea8c9C1
Account_635,Account,275,275,0.0,0x90F8bf6A479f320ead074411a4B0e7944Ea8c9C1
Account_636,Account,173,173,0.0,0x90F8bf6A479f320ead074411a4B0e7944Ea8c9C1
Account_637,Account,365,365,0.0,0x90F8bf6A479f320ead074411a4B0e7944Ea8c9C1
Account_638,Account,363,363,0.0,0x90F8bf6A479f320ead074411a4B0e7944Ea8c9C1
Account_639,Account,240,240,0.0,0x90F8bf6A479f320ead074411a4B0e7944Ea8c9C1
Account_640,Account,337,337,0.0,0x90F8bf6A479f320ead074411a4B0e7944Ea8c9C1
Account_641,Account,58,58,0.0,0x90F8bf6A479f320ead074411a4B0e7944Ea8c9C1
Account_642,Account,195,195,0.0,0x90F8bf6A479f320ead074411a4B0e7944Ea8c9C1
Account_643,Account,113,113,0.0,0x90F8bf6A479f320ead074411a4B0e7944Ea8c9C1
Account_644,Account,148,148,0.0,0x90F8bf6A479f320ead074411a4B0e7944Ea8c9C1
Account_645,Account,238,238,0.0,0x90F8bf6A479f320ead074411a4B0e7944Ea8c9C1
Account_646,Account,192,192,0.0,0x90F8bf6A479f320ead074411a4B0e7944Ea8c9C1
Account_647,Account,37,37,0.0,0x90F8bf6A479f320ead074411a4B0e7944Ea8c9C1
Account_648,Account,97,97,0.0,0x90F8bf6A479f320ead074411a4B0e7944Ea8c9C1
Account_649,Account,246,246,0.0,0x90F8bf6A479f320ead074411a4B0e7944Ea8c9C1
Account_650,Account,357,357,0.0,0x90F8bf6A479f320ead074411a4B0e7944Ea8c9C1
Account_651,Account,53,53,0.0,0x90F8bf6A479f320ead074411a4B0e7944Ea8c9C1
Account_652,Account,153,153,0.0,0x90F8bf6A479f320ead074411a4B0e7944Ea8c9C1
Account_653,Account,31,31,0.0,0x90F8bf6A479f320ead074411a4B0e7944Ea8c9C1
Account_654,Account,108,108,0.0,0x90F8bf6A479f320ead074411a4B0e7944Ea8c9C1
Account_655,Account,246,246,0.0,0x90F8bf6A479f320ead074411a4B0e7944Ea8c9C1
Account_656,Account,4,4,0.0,0x90F8bf6A479f320ead074411a4B0e7944Ea8c9C1
Account_657,Account,342,342,0.0,0x90F8bf6A479f320ead074411a4B0e7944Ea8c9C1
Account_658,Account,110,110,0.0,0x90F8bf6A479f320ead074411a4B0e7944Ea8c9C1
Account_659,Account,270,270,0.0,0x90F8bf6A479f320ead074411a4B0e7944Ea8c9C1
Account_660,Account,231,231,0.0,0x90F8bf6A479f320ead074411a4B0e7944Ea8c9C1
Account_661,Account,83,83,0.0,0x90F8bf6A479f320ead074411a4B0e7944Ea8c9C1
Account_662,Account,433,433,0.0,0x90F8bf6A479f320ead074411a4B0e7944Ea8c9C1
Account_663,Account,69,69,0.0,0x90F8bf6A479f320ead074411a4B0e7944Ea8c9C1
Account_664,Account,32,32,0.0,0x90F8bf6A479f320ead074411a4B0e7944Ea8c9C1
Account_665,Account,292,292,0.0,0x90F8bf6A479f320ead074411a4B0e7944Ea8c9C1
Account_666,Account,182,182,0.0,0x90F8bf6A479f320ead074411a4B0e7944Ea8c9C1
Account_667,Account,247,247,0.0,0x90F8bf6A479f320ead074411a4B0e7944Ea8c9C1
Account_668,Account,59,59,0.0,0x90F8bf6A479f320ead074411a4B0e7944Ea8c9C1
Account_669,Account,116,116,0.0,0x90F8bf6A479f320ead074411a4B0e7944Ea8c9C1
Account_670,Account,243,243,0.0,0x90F8bf6A479f320ead074411a4B0e7944Ea8c9C1
Account_671,Account,284,284,0.0,0x90F8bf6A479f320ead074411a4B0e7944Ea8c9C1
Account_672,Account,134,134,0.0,0x90F8bf6A479f320ead074411a4B0e7944Ea8c9C1
Account_673,Account,253,253,0.0,0x90F8bf6A479f320ead074411a4B0e7944Ea8c9C1
Account_674,Account,143,143,0.0,0x90F8bf6A479f320ead074411a4B0e7944Ea8c9C1
Account_675,Account,126,126,0.0,0x90F8bf6A479f320ead074411a4B0e7944Ea8c9C1
Account_676,Account,227,227,0.0,0x90F8bf6A479f320ead074411a4B0e7944Ea8c9C1
Account_677,Account,230,230,0.0,0x90F8bf6A479f320ead074411a4B0e7944Ea8c9C1
Account_678,Account,256,256,0.0,0x90F8bf6A479f320ead074411a4B0e7944Ea8c9C1
Account_679,Account,271,271,0.0,0x90F8bf6A479f320ead074411a4B0e7944Ea8c9C1
Account_680,Account,412,412,0.0,0x90F8bf6A479f320ead074411a4B0e7944Ea8c9C1
Account_681,Account,143,143,0.0,0x90F8bf6A479f320ead074411a4B0e7944Ea8c9C1
Account_682,Account,218,218,0.0,0x90F8bf6A479f320ead074411a4B0e7944Ea8c9C1
Account_683,Account,0,0,0.0,0x90F8bf6A479f320ead074411a4B0e7944Ea8c9C1
Account_684,Account,176,176,0.0,0x90F8bf6A479f320ead074411a4B0e7944Ea8c9C1
Account_685,Account,345,345,0.0,0x90F8bf6A479f320ead074411a4B0e7944Ea8c9C1
Account_686,Account,199,199,0.0,0x90F8bf6A479f320ead074411a4B0e7944Ea8c9C1
Account_687,Account,111,111,0.0,0x90F8bf6A479f320ead074411a4B0e7944Ea8c9C1
Account_688,Account,49,49,0.0,0x90F8bf6A479f320ead074411a4B0e7944Ea8c9C1
Account_689,Account,165,165,0.0,0x90F8bf6A479f320ead074411a4B0e7944Ea8c9C1
Account_690,Account,189,189,0.0,0x90F8bf6A479f320ead074411a4B0e7944Ea8c9C1
Account_691,Account,257,257,0.0,0x90F8bf6A479f320ead074411a4B0e7944Ea8c9C1
Account_692,Account,138,138,0.0,0x90F8bf6A479f320ead074411a4B0e7944Ea8c9C1
Account_693,Account,295,295,0.28488510990997584,0x90F8bf6A479f320ead074411a4B0e7944Ea8c9C1
Account_694,Account,171,171,0.0,0x90F8bf6A479f320ead074411a4B0e7944Ea8c9C1
Account_695,Account,199,199,0.0,0x90F8bf6A479f320ead074411a4B0e7944Ea8c9C1
Account_696,Account,150,150,0.0,0x90F8bf6A479f320ead074411a4B0e7944Ea8c9C1
Account_697,Account,128,128,0.0,0x90F8bf6A479f320ead074411a4B0e7944Ea8c9C1
Account_698,Account,133,133,0.0,0x90F8bf6A479f320ead074411a4B0e7944Ea8c9C1
Account_699,Account,317,317,0.0,0x90F8bf6A479f320ead074411a4B0e7944Ea8c9C1
Account_700,Account,138,138,0.0,0x90F8bf6A479f320ead074411a4B0e7944Ea8c9C1
Account_701,Account,142,142,0.0,0x90F8bf6A479f320ead074411a4B0e7944Ea8c9C1
Account_702,Account,74,74,0.0,0x90F8bf6A479f320ead074411a4B0e7944Ea8c9C1
Account_703,Account,122,122,0.0,0x90F8bf6A479f320ead074411a4B0e7944Ea8c9C1
Account_704,Account,411,411,0.0,0x90F8bf6A479f320ead074411a4B0e7944Ea8c9C1
Account_705,Account,220,220,0.0,0x90F8bf6A479f320ead074411a4B0e7944Ea8c9C1
Account_706,Account,349,349,0.0,0x90F8bf6A479f320ead074411a4B0e7944Ea8c9C1
Account_707,Account,142,142,0.0,0x90F8bf6A479f320ead074411a4B0e7944Ea8c9C1
Account_708,Account,422,422,0.0,0x90F8bf6A479f320ead074411a4B0e7944Ea8c9C1
Account_709,Account,345,345,0.28488510990997584,0x90F8bf6A479f320ead074411a4B0e7944Ea8c9C1
Account_710,Account,76,76,0.0,0x90F8bf6A479f320ead074411a4B0e7944Ea8c9C1
Account_711,Account,87,87,0.0,0x90F8bf6A479f320ead074411a4B0e7944Ea8c9C1
Account_712,Account,182,182,0.0,0x90F8bf6A479f320ead074411a4B0e7944Ea8c9C1
Account_713,Account,234,234,0.0,0x90F8bf6A479f320ead074411a4B0e7944Ea8c9C1
Account_714,Account,247,247,0.0,0x90F8bf6A479f320ead074411a4B0e7944Ea8c9C1
Account_715,Account,206,206,0.0,0x90F8bf6A479f320ead074411a4B0e7944Ea8c9C1
Account_716,Account,0,0,0.0,0x90F8bf6A479f320ead074411a4B0e7944Ea8c9C1
Account_717,Account,325,325,0.0,0x90F8bf6A479f320ead074411a4B0e7944Ea8c9C1
Account_718,Account,68,68,0.0,0x90F8bf6A479f320ead074411a4B0e7944Ea8c9C1
Account_719,Account,66,66,0.0,0x90F8bf6A479f320ead074411a4B0e7944Ea8c9C1
Account_720,Account,269,269,0.0,0x90F8bf6A479f320ead074411a4B0e7944Ea8c9C1
Account_721,Account,223,223,0.0,0x90F8bf6A479f320ead074411a4B0e7944Ea8c9C1
Account_722,Account,12,12,0.0,0x90F8bf6A479f320ead074411a4B0e7944Ea8c9C1
Account_723,Account,0,0,0.0,0x90F8bf6A479f320ead074411a4B0e7944Ea8c9C1
Account_724,Account,338,338,0.0,0x90F8bf6A479f320ead074411a4B0e7944Ea8c9C1
Account_725,Account,58,58,0.0,0x90F8bf6A479f320ead074411a4B0e7944Ea8c9C1
Account_726,Account,204,204,0.0,0x90F8bf6A479f320ead074411a4B0e7944Ea8c9C1
Account_727,Account,279,279,0.0,0x90F8bf6A479f320ead074411a4B0e7944Ea8c9C1
Account_728,Account,288,288,0.0,0x90F8bf6A479f320ead074411a4B0e7944Ea8c9C1
Account_729,Account,199,199,0.0,0x90F8bf6A479f320ead074411a4B0e7944Ea8c9C1
Account_730,Account,213,213,0.0,0x90F8bf6A479f320ead074411a4B0e7944Ea8c9C1
Account_731,Account,0,0,0.0,0x90F8bf6A479f320ead074411a4B0e7944Ea8c9C1
Account_732,Account,275,275,0.0,0x90F8bf6A479f320ead074411a4B0e7944Ea8c9C1
Account_733,Account,197,197,0.0,0x90F8bf6A479f320ead074411a4B0e7944Ea8c9C1
Account_734,Account,31,31,0.0,0x90F8bf6A479f320ead074411a4B0e7944Ea8c9C1
Account_735,Account,248,248,0.0,0x90F8bf6A479f320ead074411a4B0e7944Ea8c9C1
Account_736,Account,356,356,0.0,0x90F8bf6A479f320ead074411a4B0e7944Ea8c9C1
Account_737,Account,252,252,0.0,0x90F8bf6A479f320ead074411a4B0e7944Ea8c9C1
Account_738,Account,235,235,0.0,0x90F8bf6A479f320ead074411a4B0e7944Ea8c9C1
Account_739,Account,93,93,0.0,0x90F8bf6A479f320ead074411a4B0e7944Ea8c9C1
Account_740,Account,63,63,0.0,0x90F8bf6A479f320ead074411a4B0e7944Ea8c9C1
Account_741,Account,45,45,0.0,0x90F8bf6A479f320ead074411a4B0e7944Ea8c9C1
Account_742,Account,156,156,0.0,0x90F8bf6A479f320ead074411a4B0e7944Ea8c9C1
Account_743,Account,144,144,0.0,0x90F8bf6A479f320ead074411a4B0e7944Ea8c9C1
Account_744,Account,211,211,0.0,0x90F8bf6A479f320ead074411a4B0e7944Ea8c9C1
Account_745,Account,233,233,0.0,0x90F8bf6A479f320ead074411a4B0e7944Ea8c9C1
Account_746,Account,296,296,0.0,0x90F8bf6A479f320ead074411a4B0e7944Ea8c9C1
Account_747,Account,108,108,0.0,0x90F8bf6A479f320ead074411a4B0e7944Ea8c9C1
Account_748,Account,275,275,0.0,0x90F8bf6A479f320ead074411a4B0e7944Ea8c9C1
Account_749,Account,199,199,0.0,0x90F8bf6A479f320ead074411a4B0e7944Ea8c9C1
Account_750,Account,0,0,0.0,0x90F8bf6A479f320ead074411a4B0e7944Ea8c9C1
Account_751,Account,173,173,0.0,0x90F8bf6A479f320ead074411a4B0e7944Ea8c9C1
Account_752,Account,324,324,0.0,0x90F8bf6A479f320ead074411a4B0e7944Ea8c9C1
Account_753,Account,302,302,0.0,0x90F8bf6A479f320ead074411a4B0e7944Ea8c9C1
Account_754,Account,367,367,0.0,0x90F8bf6A479f320ead074411a4B0e7944Ea8c9C1
Account_755,Account,272,272,0.0,0x90F8bf6A479f320ead074411a4B0e7944Ea8c9C1
Account_756,Account,181,181,0.0,0x90F8bf6A479f320ead074411a4B0e7944Ea8c9C1
Account_757,Account,189,189,0.0,0x90F8bf6A479f320ead074411a4B0e7944Ea8c9C1
Account_758,Account,209,209,0.0,0x90F8bf6A479f320ead074411a4B0e7944Ea8c9C1
Account_759,Account,307,307,0.0,0x90F8bf6A479f320ead074411a4B0e7944Ea8c9C1
Account_760,Account,223,223,0.0,0x90F8bf6A479f320ead074411a4B0e7944Ea8c9C1
Account_761,Account,0,0,0.0,0x90F8bf6A479f320ead074411a4B0e7944Ea8c9C1
Account_762,Account,261,261,0.0,0x90F8bf6A479f320ead074411a4B0e7944Ea8c9C1
Account_763,Account,151,151,0.0,0x90F8bf6A479f320ead074411a4B0e7944Ea8c9C1
Account_764,Account,249,249,0.0,0x90F8bf6A479f320ead074411a4B0e7944Ea8c9C1
Account_765,Account,223,223,0.0,0x90F8bf6A479f320ead074411a4B0e7944Ea8c9C1
Account_766,Account,305,305,0.0,0x90F8bf6A479f320ead074411a4B0e7944Ea8c9C1
Account_767,Account,253,253,0.0,0x90F8bf6A479f320ead074411a4B0e7944Ea8c9C1
Account_768,Account,80,80,0.0,0x90F8bf6A479f320ead074411a4B0e7944Ea8c9C1
Account_769,Account,216,216,0.0,0x90F8bf6A479f320ead074411a4B0e7944Ea8c9C1
Account_770,Account,163,163,0.0,0x90F8bf6A479f320ead074411a4B0e7944Ea8c9C1
Account_771,Account,186,186,0.0,0x90F8bf6A479f320ead074411a4B0e7944Ea8c9C1
Account_772,Account,169,169,0.0,0x90F8bf6A479f320ead074411a4B0e7944Ea8c9C1
Account_773,Account,174,174,0.0,0x90F8bf6A479f320ead074411a4B0e7944Ea8c9C1
Account_774,Account,253,253,0.0,0x90F8bf6A479f320ead074411a4B0e7944Ea8c9C1
Account_775,Account,120,120,0.0,0x90F8bf6A479f320ead074411a4B0e7944Ea8c9C1
Account_776,Account,418,418,0.0,0x90F8bf6A479f320ead074411a4B0e7944Ea8c9C1
Account_777,Account,115,115,0.0,0x90F8bf6A479f320ead074411a4B0e7944Ea8c9C1
Account_778,Account,102,102,0.0,0x90F8bf6A479f320ead074411a4B0e7944Ea8c9C1
Account_779,Account,237,237,0.0,0x90F8bf6A479f320ead074411a4B0e7944Ea8c9C1
Account_780,Account,292,292,0.0,0x90F8bf6A479f320ead074411a4B0e7944Ea8c9C1
Account_781,Account,63,63,0.0,0x90F8bf6A479f320ead074411a4B0e7944Ea8c9C1
Account_782,Account,352,352,0.0,0x90F8bf6A479f320ead074411a4B0e7944Ea8c9C1
Account_783,Account,143,143,0.0,0x90F8bf6A479f320ead074411a4B0e7944Ea8c9C1
Account_784,Account,0,0,0.0,0x90F8bf6A479f320ead074411a4B0e7944Ea8c9C1
Account_785,Account,53,53,0.0,0x90F8bf6A479f320ead074411a4B0e7944Ea8c9C1
Account_786,Account,188,188,0.0,0x90F8bf6A479f320ead074411a4B0e7944Ea8c9C1
Account_787,Account,293,293,0.0,0x90F8bf6A479f320ead074411a4B0e7944Ea8c9C1
Account_788,Account,348,348,0.0,0x90F8bf6A479f320ead074411a4B0e7944Ea8c9C1
Account_789,Account,149,149,0.0,0x90F8bf6A479f320ead074411a4B0e7944Ea8c9C1
Account_790,Account,269,269,0.0,0x90F8bf6A479f320ead074411a4B0e7944Ea8c9C1
Account_791,Account,74,74,0.0,0x90F8bf6A479f320ead074411a4B0e7944Ea8c9C1
Account_792,Account,293,293,0.0,0x90F8bf6A479f320ead074411a4B0e7944Ea8c9C1
Account_793,Account,249,249,0.0,0x90F8bf6A479f320ead074411a4B0e7944Ea8c9C1
Account_794,Account,185,185,0.0,0x90F8bf6A479f320ead074411a4B0e7944Ea8c9C1
Account_795,Account,271,271,0.0,0x90F8bf6A479f320ead074411a4B0e7944Ea8c9C1
Account_796,Account,134,134,0.0,0x90F8bf6A479f320ead074411a4B0e7944Ea8c9C1
Account_797,Account,298,298,0.0,0x90F8bf6A479f320ead074411a4B0e7944Ea8c9C1
Account_798,Account,60,60,0.0,0x90F8bf6A479f320ead074411a4B0e7944Ea8c9C1
Account_799,Account,191,191,0.0,0x90F8bf6A479f320ead074411a4B0e7944Ea8c9C1
Account_800,Account,54,54,0.0,0x90F8bf6A479f320ead074411a4B0e7944Ea8c9C1
Account_801,Account,179,179,0.0,0x90F8bf6A479f320ead074411a4B0e7944Ea8c9C1
Account_802,Account,11,11,0.0,0x90F8bf6A479f320ead074411a4B0e7944Ea8c9C1
Account_803,Account,113,113,0.0,0x90F8bf6A479f320ead074411a4B0e7944Ea8c9C1
Account_804,Account,200,200,0.0,0x90F8bf6A479f320ead074411a4B0e7944Ea8c9C1
Account_805,Account,141,141,0.0,0x90F8bf6A479f320ead074411a4B0e7944Ea8c9C1
Account_806,Account,0,0,0.0,0x90F8bf6A479f320ead074411a4B0e7944Ea8c9C1
Account_807,Account,240,240,0.0,0x90F8bf6A479f320ead074411a4B0e7944Ea8c9C1
Account_808,Account,262,262,0.0,0x90F8bf6A479f320ead074411a4B0e7944Ea8c9C1
Account_809,Account,189,189,0.0,0x90F8bf6A479f320ead074411a4B0e7944Ea8c9C1
Account_810,Account,90,90,0.0,0x90F8bf6A479f320ead074411a4B0e7944Ea8c9C1
Account_811,Account,224,224,0.0,0x90F8bf6A479f320ead074411a4B0e7944Ea8c9C1
Account_812,Account,278,278,0.0,0x90F8bf6A479f320ead074411a4B0e7944Ea8c9C1
Account_813,Account,85,85,0.0,0x90F8bf6A479f320ead074411a4B0e7944Ea8c9C1
Account_814,Account,159,159,0.0,0x90F8bf6A479f320ead074411a4B0e7944Ea8c9C1
Account_815,Account,190,190,0.0,0x90F8bf6A479f320ead074411a4B0e7944Ea8c9C1
Account_816,Account,136,136,0.0,0x90F8bf6A479f320ead074411a4B0e7944Ea8c9C1
Account_817,Account,196,196,0.0,0x90F8bf6A479f320ead074411a4B0e7944Ea8c9C1
Account_818,Account,90,90,0.0,0x90F8bf6A479f320ead074411a4B0e7944Ea8c9C1
Account_819,Account,413,413,0.0,0x90F8bf6A479f320ead074411a4B0e7944Ea8c9C1
Account_820,Account,214,214,0.0,0x90F8bf6A479f320ead074411a4B0e7944Ea8c9C1
Account_821,Account,339,339,0.0,0x90F8bf6A479f320ead074411a4B0e7944Ea8c9C1
Account_822,Account,305,305,0.0,0x90F8bf6A479f320ead074411a4B0e7944Ea8c9C1
Account_823,Account,72,72,0.0,0x90F8bf6A479f320ead074411a4B0e7944Ea8c9C1
Account_824,Account,231,231,0.0,0x90F8bf6A479f320ead074411a4B0e7944Ea8c9C1
Account_825,Account,219,219,0.0,0x90F8bf6A479f320ead074411a4B0e7944Ea8c9C1
Account_826,Account,177,177,0.0,0x90F8bf6A479f320ead074411a4B0e7944Ea8c9C1
Account_827,Account,76,76,0.0,0x90F8bf6A479f320ead074411a4B0e7944Ea8c9C1
Account_828,Account,70,70,0.0,0x90F8bf6A479f320ead074411a4B0e7944Ea8c9C1
Account_829,Account,239,239,0.0,0x90F8bf6A479f320ead074411a4B0e7944Ea8c9C1
Account_830,Account,278,278,0.0,0x90F8bf6A479f320ead074411a4B0e7944Ea8c9C1
Account_831,Account,163,163,0.0,0x90F8bf6A479f320ead074411a4B0e7944Ea8c9C1
Account_832,Account,368,368,0.0,0x90F8bf6A479f320ead074411a4B0e7944Ea8c9C1
Account_833,Account,24,24,0.0,0x90F8bf6A479f320ead074411a4B0e7944Ea8c9C1
Account_834,Account,317,317,0.0,0x90F8bf6A479f320ead074411a4B0e7944Ea8c9C1
Account_835,Account,171,171,0.0,0x90F8bf6A479f320ead074411a4B0e7944Ea8c9C1
Account_836,Account,435,435,0.0,0x90F8bf6A479f320ead074411a4B0e7944Ea8c9C1
Account_837,Account,282,282,0.0,0x90F8bf6A479f320ead074411a4B0e7944Ea8c9C1
Account_838,Account,239,239,0.0,0x90F8bf6A479f320ead074411a4B0e7944Ea8c9C1
Account_839,Account,229,229,0.0,0x90F8bf6A479f320ead074411a4B0e7944Ea8c9C1
Account_840,Account,158,158,0.0,0x90F8bf6A479f320ead074411a4B0e7944Ea8c9C1
Account_841,Account,167,167,0.0,0x90F8bf6A479f320ead074411a4B0e7944Ea8c9C1
Account_842,Account,173,173,0.0,0x90F8bf6A479f320ead074411a4B0e7944Ea8c9C1
Account_843,Account,279,279,0.0,0x90F8bf6A479f320ead074411a4B0e7944Ea8c9C1
Account_844,Account,212,212,0.0,0x90F8bf6A479f320ead074411a4B0e7944Ea8c9C1
Account_845,Account,303,303,0.0,0x90F8bf6A479f320ead074411a4B0e7944Ea8c9C1
Account_846,Account,418,418,0.0,0x90F8bf6A479f320ead074411a4B0e7944Ea8c9C1
Account_847,Account,93,93,0.0,0x90F8bf6A479f320ead074411a4B0e7944Ea8c9C1
Account_848,Account,203,203,0.0,0x90F8bf6A479f320ead074411a4B0e7944Ea8c9C1
Account_849,Account,197,197,0.0,0x90F8bf6A479f320ead074411a4B0e7944Ea8c9C1
Account_850,Account,193,193,0.0,0x90F8bf6A479f320ead074411a4B0e7944Ea8c9C1
Account_851,Account,268,268,0.0,0x90F8bf6A479f320ead074411a4B0e7944Ea8c9C1
Account_852,Account,234,234,0.0,0x90F8bf6A479f320ead074411a4B0e7944Ea8c9C1
Account_853,Account,112,112,0.0,0x90F8bf6A479f320ead074411a4B0e7944Ea8c9C1
Account_854,Account,432,432,0.0,0x90F8bf6A479f320ead074411a4B0e7944Ea8c9C1
Account_855,Account,243,243,0.0,0x90F8bf6A479f320ead074411a4B0e7944Ea8c9C1
Account_856,Account,122,122,0.0,0x90F8bf6A479f320ead074411a4B0e7944Ea8c9C1
Account_857,Account,172,172,0.0,0x90F8bf6A479f320ead074411a4B0e7944Ea8c9C1
Account_858,Account,208,208,0.0,0x90F8bf6A479f320ead074411a4B0e7944Ea8c9C1
Account_859,Account,196,196,0.0,0x90F8bf6A479f320ead074411a4B0e7944Ea8c9C1
Account_860,Account,305,305,0.28488510990997584,0x90F8bf6A479f320ead074411a4B0e7944Ea8c9C1
Account_861,Account,140,140,0.0,0x90F8bf6A479f320ead074411a4B0e7944Ea8c9C1
Account_862,Account,264,264,0.0,0x90F8bf6A479f320ead074411a4B0e7944Ea8c9C1
Account_863,Account,104,104,0.0,0x90F8bf6A479f320ead074411a4B0e7944Ea8c9C1
Account_864,Account,103,103,0.0,0x90F8bf6A479f320ead074411a4B0e7944Ea8c9C1
Account_865,Account,222,222,0.0,0x90F8bf6A479f320ead074411a4B0e7944Ea8c9C1
Account_866,Account,190,190,0.0,0x90F8bf6A479f320ead074411a4B0e7944Ea8c9C1
Account_867,Account,82,82,0.0,0x90F8bf6A479f320ead074411a4B0e7944Ea8c9C1
Account_868,Account,257,257,0.0,0x90F8bf6A479f320ead074411a4B0e7944Ea8c9C1
Account_869,Account,173,173,0.0,0x90F8bf6A479f320ead074411a4B0e7944Ea8c9C1
Account_870,Account,253,253,0.0,0x90F8bf6A479f320ead074411a4B0e7944Ea8c9C1
Account_871,Account,50,50,0.0,0x90F8bf6A479f320ead074411a4B0e7944Ea8c9C1
Account_872,Account,169,169,0.0,0x90F8bf6A479f320ead074411a4B0e7944Ea8c9C1
Account_873,Account,185,185,0.0,0x90F8bf6A479f320ead074411a4B0e7944Ea8c9C1
Account_874,Account,94,94,0.0,0x90F8bf6A479f320ead074411a4B0e7944Ea8c9C1
Account_875,Account,280,280,0.0,0x90F8bf6A479f320ead074411a4B0e7944Ea8c9C1
Account_876,Account,417,417,0.0,0x90F8bf6A479f320ead074411a4B0e7944Ea8c9C1
Account_877,Account,304,304,0.0,0x90F8bf6A479f320ead074411a4B0e7944Ea8c9C1
Account_878,Account,210,210,0.0,0x90F8bf6A479f320ead074411a4B0e7944Ea8c9C1
Account_879,Account,255,255,0.0,0x90F8bf6A479f320ead074411a4B0e7944Ea8c9C1
Account_880,Account,0,0,0.0,0x90F8bf6A479f320ead074411a4B0e7944Ea8c9C1
Account_881,Account,343,343,0.0,0x90F8bf6A479f320ead074411a4B0e7944Ea8c9C1
Account_882,Account,84,84,0.0,0x90F8bf6A479f320ead074411a4B0e7944Ea8c9C1
Account_883,Account,161,161,0.0,0x90F8bf6A479f320ead074411a4B0e7944Ea8c9C1
Account_884,Account,0,0,0.0,0x90F8bf6A479f320ead074411a4B0e7944Ea8c9C1
Account_885,Account,46,46,0.0,0x90F8bf6A479f320ead074411a4B0e7944Ea8c9C1
Account_886,Account,43,43,0.0,0x90F8bf6A479f320ead074411a4B0e7944Ea8c9C1
Account_887,Account,212,212,0.0,0x90F8bf6A479f320ead074411a4B0e7944Ea8c9C1
Account_888,Account,224,224,0.0,0x90F8bf6A479f320ead074411a4B0e7944Ea8c9C1
Account_889,Account,325,325,0.0,0x90F8bf6A479f320ead074411a4B0e7944Ea8c9C1
Account_890,Account,397,397,0.0,0x90F8bf6A479f320ead074411a4B0e7944Ea8c9C1
Account_891,Account,306,306,0.0,0x90F8bf6A479f320ead074411a4B0e7944Ea8c9C1
Account_892,Account,0,0,0.0,0x90F8bf6A479f320ead074411a4B0e7944Ea8c9C1
Account_893,Account,147,147,0.0,0x90F8bf6A479f320ead074411a4B0e7944Ea8c9C1
Account_894,Account,228,228,0.0,0x90F8bf6A479f320ead074411a4B0e7944Ea8c9C1
Account_895,Account,269,269,0.0,0x90F8bf6A479f320ead074411a4B0e7944Ea8c9C1
Account_896,Account,82,82,0.0,0x90F8bf6A479f320ead074411a4B0e7944Ea8c9C1
Account_897,Account,171,171,0.0,0x90F8bf6A479f320ead074411a4B0e7944Ea8c9C1
Account_898,Account,152,152,0.0,0x90F8bf6A479f320ead074411a4B0e7944Ea8c9C1
Account_899,Account,108,108,0.0,0x90F8bf6A479f320ead074411a4B0e7944Ea8c9C1
Account_900,Account,208,208,0.0,0x90F8bf6A479f320ead074411a4B0e7944Ea8c9C1
Account_901,Account,49,49,0.0,0x90F8bf6A479f320ead074411a4B0e7944Ea8c9C1
Account_902,Account,0,0,0.0,0x90F8bf6A479f320ead074411a4B0e7944Ea8c9C1
Account_903,Account,67,67,0.0,0x90F8bf6A479f320ead074411a4B0e7944Ea8c9C1
Account_904,Account,125,125,0.0,0x90F8bf6A479f320ead074411a4B0e7944Ea8c9C1
Account_905,Account,202,202,0.0,0x90F8bf6A479f320ead074411a4B0e7944Ea8c9C1
Account_906,Account,0,0,0.0,0x90F8bf6A479f320ead074411a4B0e7944Ea8c9C1
Account_907,Account,111,111,0.0,0x90F8bf6A479f320ead074411a4B0e7944Ea8c9C1
Account_908,Account,0,0,0.0,0x90F8bf6A479f320ead074411a4B0e7944Ea8c9C1
Account_909,Account,138,138,0.0,0x90F8bf6A479f320ead074411a4B0e7944Ea8c9C1
Account_910,Account,367,367,0.0,0x90F8bf6A479f320ead074411a4B0e7944Ea8c9C1
Account_911,Account,273,273,0.0,0x90F8bf6A479f320ead074411a4B0e7944Ea8c9C1
Account_912,Account,159,159,0.0,0x90F8bf6A479f320ead074411a4B0e7944Ea8c9C1
Account_913,Account,176,176,0.0,0x90F8bf6A479f320ead074411a4B0e7944Ea8c9C1
Account_914,Account,94,94,0.0,0x90F8bf6A479f320ead074411a4B0e7944Ea8c9C1
Account_915,Account,260,260,0.0,0x90F8bf6A479f320ead074411a4B0e7944Ea8c9C1
Account_916,Account,161,161,0.0,0x90F8bf6A479f320ead074411a4B0e7944Ea8c9C1
Account_917,Account,302,302,0.0,0x90F8bf6A479f320ead074411a4B0e7944Ea8c9C1
Account_918,Account,156,156,0.0,0x90F8bf6A479f320ead074411a4B0e7944Ea8c9C1
Account_919,Account,106,106,0.0,0x90F8bf6A479f320ead074411a4B0e7944Ea8c9C1
Account_920,Account,81,81,0.0,0x90F8bf6A479f320ead074411a4B0e7944Ea8c9C1
Account_921,Account,139,139,0.0,0x90F8bf6A479f320ead074411a4B0e7944Ea8c9C1
Account_922,Account,308,308,0.0,0x90F8bf6A479f320ead074411a4B0e7944Ea8c9C1
Account_923,Account,247,247,0.0,0x90F8bf6A479f320ead074411a4B0e7944Ea8c9C1
Account_924,Account,78,78,0.0,0x90F8bf6A479f320ead074411a4B0e7944Ea8c9C1
Account_925,Account,204,204,0.0,0x90F8bf6A479f320ead074411a4B0e7944Ea8c9C1
Account_926,Account,148,148,0.0,0x90F8bf6A479f320ead074411a4B0e7944Ea8c9C1
Account_927,Account,224,224,0.0,0x90F8bf6A479f320ead074411a4B0e7944Ea8c9C1
Account_928,Account,97,97,0.0,0x90F8bf6A479f320ead074411a4B0e7944Ea8c9C1
Account_929,Account,120,120,0.0,0x90F8bf6A479f320ead074411a4B0e7944Ea8c9C1
Account_930,Account,135,135,0.0,0x90F8bf6A479f320ead074411a4B0e7944Ea8c9C1
Account_931,Account,89,89,0.0,0x90F8bf6A479f320ead074411a4B0e7944Ea8c9C1
Account_932,Account,350,350,0.0,0x90F8bf6A479f320ead074411a4B0e7944Ea8c9C1
Account_933,Account,166,166,0.0,0x90F8bf6A479f320ead074411a4B0e7944Ea8c9C1
Account_934,Account,243,243,0.0,0x90F8bf6A479f320ead074411a4B0e7944Ea8c9C1
Account_935,Account,30,30,0.0,0x90F8bf6A479f320ead074411a4B0e7944Ea8c9C1
Account_936,Account,406,406,0.0,0x90F8bf6A479f320ead074411a4B0e7944Ea8c9C1
Account_937,Account,318,318,0.0,0x90F8bf6A479f320ead074411a4B0e7944Ea8c9C1
Account_938,Account,234,234,0.0,0x90F8bf6A479f320ead074411a4B0e7944Ea8c9C1
Account_939,Account,71,71,0.0,0x90F8bf6A479f320ead074411a4B0e7944Ea8c9C1
Account_940,Account,135,135,0.0,0x90F8bf6A479f320ead074411a4B0e7944Ea8c9C1
Account_941,Account,148,148,0.0,0x90F8bf6A479f320ead074411a4B0e7944Ea8c9C1
Account_942,Account,0,0,0.0,0x90F8bf6A479f320ead074411a4B0e7944Ea8c9C1
Account_943,Account,164,164,0.0,0x90F8bf6A479f320ead074411a4B0e7944Ea8c9C1
Account_944,Account,140,140,0.0,0x90F8bf6A479f320ead074411a4B0e7944Ea8c9C1
Account_945,Account,190,190,0.0,0x90F8bf6A479f320ead074411a4B0e7944Ea8c9C1
Account_946,Account,215,215,0.0,0x90F8bf6A479f320ead074411a4B0e7944Ea8c9C1
Account_947,Account,185,185,0.0,0x90F8bf6A479f320ead074411a4B0e7944Ea8c9C1
Account_948,Account,176,176,0.0,0x90F8bf6A479f320ead074411a4B0e7944Ea8c9C1
Account_949,Account,255,255,0.0,0x90F8bf6A479f320ead074411a4B0e7944Ea8c9C1
Account_950,Account,196,196,0.0,0x90F8bf6A479f320ead074411a4B0e7944Ea8c9C1
Account_951,Account,128,128,0.0,0x90F8bf6A479f320ead074411a4B0e7944Ea8c9C1
Account_952,Account,271,271,0.0,0x90F8bf6A479f320ead074411a4B0e7944Ea8c9C1
Account_953,Account,270,270,0.0,0x90F8bf6A479f320ead074411a4B0e7944Ea8c9C1
Account_954,Account,244,244,0.0,0x90F8bf6A479f320ead074411a4B0e7944Ea8c9C1
Account_955,Account,131,131,0.0,0x90F8bf6A479f320ead074411a4B0e7944Ea8c9C1
Account_956,Account,139,139,0.0,0x90F8bf6A479f320ead074411a4B0e7944Ea8c9C1
Account_957,Account,0,0,0.0,0x90F8bf6A479f320ead074411a4B0e7944Ea8c9C1
Account_958,Account,250,250,0.0,0x90F8bf6A479f320ead074411a4B0e7944Ea8c9C1
Account_959,Account,334,334,0.0,0x90F8bf6A479f320ead074411a4B0e7944Ea8c9C1
Account_960,Account,277,277,0.0,0x90F8bf6A479f320ead074411a4B0e7944Ea8c9C1
Account_961,Account,187,187,0.0,0x90F8bf6A479f320ead074411a4B0e7944Ea8c9C1
Account_962,Account,194,194,0.0,0x90F8bf6A479f320ead074411a4B0e7944Ea8c9C1
Account_963,Account,257,257,0.0,0x90F8bf6A479f320ead074411a4B0e7944Ea8c9C1
Account_964,Account,256,256,0.0,0x90F8bf6A479f320ead074411a4B0e7944Ea8c9C1
Account_965,Account,180,180,0.0,0x90F8bf6A479f320ead074411a4B0e7944Ea8c9C1
Account_966,Account,288,288,0.0,0x90F8bf6A479f320ead074411a4B0e7944Ea8c9C1
Account_967,Account,36,36,0.0,0x90F8bf6A479f320ead074411a4B0e7944Ea8c9C1
Account_968,Account,232,232,0.0,0x90F8bf6A479f320ead074411a4B0e7944Ea8c9C1
Account_969,Account,378,378,0.0,0x90F8bf6A479f320ead074411a4B0e7944Ea8c9C1
Account_970,Account,94,94,0.0,0x90F8bf6A479f320ead074411a4B0e7944Ea8c9C1
Account_971,Account,210,210,0.0,0x90F8bf6A479f320ead074411a4B0e7944Ea8c9C1
Account_972,Account,178,178,0.0,0x90F8bf6A479f320ead074411a4B0e7944Ea8c9C1
Account_973,Account,187,187,0.0,0x90F8bf6A479f320ead074411a4B0e7944Ea8c9C1
Account_974,Account,138,138,0.0,0x90F8bf6A479f320ead074411a4B0e7944Ea8c9C1
Account_975,Account,263,263,0.0,0x90F8bf6A479f320ead074411a4B0e7944Ea8c9C1
Account_976,Account,0,0,0.0,0x90F8bf6A479f320ead074411a4B0e7944Ea8c9C1
Account_977,Account,221,221,0.0,0x90F8bf6A479f320ead074411a4B0e7944Ea8c9C1
Account_978,Account,327,327,0.0,0x90F8bf6A479f320ead074411a4B0e7944Ea8c9C1
Account_979,Account,214,214,0.0,0x90F8bf6A479f320ead074411a4B0e7944Ea8c9C1
Account_980,Account,103,103,0.0,0x90F8bf6A479f320ead074411a4B0e7944Ea8c9C1
Account_981,Account,152,152,0.0,0x90F8bf6A479f320ead074411a4B0e7944Ea8c9C1
Account_982,Account,179,179,0.0,0x90F8bf6A479f320ead074411a4B0e7944Ea8c9C1
Account_983,Account,108,108,0.0,0x90F8bf6A479f320ead074411a4B0e7944Ea8c9C1
Account_984,Account,169,169,0.0,0x90F8bf6A479f320ead074411a4B0e7944Ea8c9C1
Account_985,Account,199,199,0.0,0x90F8bf6A479f320ead074411a4B0e7944Ea8c9C1
Account_986,Account,354,354,0.0,0x90F8bf6A479f320ead074411a4B0e7944Ea8c9C1
Account_987,Account,88,88,0.0,0x90F8bf6A479f320ead074411a4B0e7944Ea8c9C1
Account_988,Account,160,160,0.0,0x90F8bf6A479f320ead074411a4B0e7944Ea8c9C1
Account_989,Account,33,33,0.0,0x90F8bf6A479f320ead074411a4B0e7944Ea8c9C1
Account_990,Account,182,182,0.0,0x90F8bf6A479f320ead074411a4B0e7944Ea8c9C1
Account_991,Account,308,308,0.0,0x90F8bf6A479f320ead074411a4B0e7944Ea8c9C1
Account_992,Account,0,0,0.0,0x90F8bf6A479f320ead074411a4B0e7944Ea8c9C1
Account_993,Account,183,183,0.0,0x90F8bf6A479f320ead074411a4B0e7944Ea8c9C1
Account_994,Account,357,357,0.0,0x90F8bf6A479f320ead074411a4B0e7944Ea8c9C1
Account_995,Account,282,282,0.0,0x90F8bf6A479f320ead074411a4B0e7944Ea8c9C1
Account_996,Account,226,226,0.0,0x90F8bf6A479f320ead074411a4B0e7944Ea8c9C1
Account_997,Account,15,15,0.0,0x90F8bf6A479f320ead074411a4B0e7944Ea8c9C1
Account_998,Account,273,273,0.0,0x90F8bf6A479f320ead074411a4B0e7944Ea8c9C1
Account_999,Account,189,189,0.0,0x90F8bf6A479f320ead074411a4B0e7944Ea8c9C1
